,label,file_name,angry,disgust,fear,happy,neutral,sad,surprise
0,1.0,1.강제추행(성범죄)_105144_label.wav,0.074368775,0.3025974,0.12315191,0.11277244,0.1074448,0.07752117,0.20214349
1,1.0,1.강제추행(성범죄)_105154_label.wav,0.108430386,0.17521486,0.11752943,0.1057607,0.12295729,0.14626776,0.22383954
2,1.0,1.강제추행(성범죄)_105604_label.wav,0.14262225,0.21141057,0.12959445,0.121580645,0.14451353,0.10275022,0.14752837
3,1.0,1.강제추행(성범죄)_105697_label.wav,0.24442685,0.16367558,0.13296324,0.118321314,0.07461789,0.06513053,0.20086472
4,1.0,1.강제추행(성범죄)_106166_label.wav,0.22072273,0.17431101,0.12997486,0.082436144,0.1869631,0.09072379,0.11486848
5,1.0,1.강제추행(성범죄)_106622_label.wav,0.18530868,0.15577146,0.103538424,0.18444207,0.10049743,0.08930821,0.18113369
6,1.0,1.강제추행(성범죄)_106730_label.wav,0.12709877,0.23053396,0.12552087,0.15216547,0.1522727,0.07934875,0.13305949
7,1.0,1.강제추행(성범죄)_106859_label.wav,0.29017237,0.15440686,0.112926975,0.11371,0.098945,0.092701614,0.13713722
8,1.0,1.강제추행(성범죄)_107280_label.wav,0.15357895,0.1457404,0.13453409,0.09878109,0.12338128,0.110102616,0.23388158
9,1.0,1.강제추행(성범죄)_107403_label.wav,0.25753418,0.14033115,0.13258305,0.07480825,0.14058767,0.094595686,0.15956004
10,1.0,1.강제추행(성범죄)_107677_label.wav,0.2692418,0.13562076,0.13484699,0.08917991,0.1611937,0.09130702,0.11860977
11,1.0,1.강제추행(성범죄)_108083_label.wav,0.11532689,0.14511052,0.11736872,0.12671195,0.2248852,0.12708786,0.1435088
12,1.0,1.강제추행(성범죄)_108129_label.wav,0.25764924,0.24491249,0.10113172,0.055833913,0.08584607,0.06672138,0.18790519
13,1.0,1.강제추행(성범죄)_108193_label.wav,0.1783175,0.18128203,0.11482509,0.072270416,0.1266657,0.100361265,0.226278
14,1.0,1.강제추행(성범죄)_109400_label.wav,0.096448034,0.17929378,0.120213225,0.1489968,0.1652354,0.11025002,0.1795627
15,1.0,1.강제추행(성범죄)_109590_label.wav,0.41640365,0.10928332,0.108968906,0.11380345,0.089854054,0.08330821,0.07837832
16,1.0,1.강제추행(성범죄)_109606_label.wav,0.23602885,0.2670143,0.084813565,0.09646897,0.09809802,0.086673275,0.13090304
17,1.0,1.강제추행(성범죄)_110135_label.wav,0.19761182,0.15870519,0.13172442,0.08734296,0.14445074,0.100284606,0.17988029
18,1.0,1.강제추행(성범죄)_110254_label.wav,0.39693746,0.124953724,0.111562066,0.095595874,0.08090705,0.0802496,0.10979429
19,1.0,1.강제추행(성범죄)_110827_label.wav,0.109888345,0.11528411,0.13351005,0.1585807,0.20893204,0.123088576,0.15071623
20,1.0,1.강제추행(성범죄)_110840_label.wav,0.26670286,0.15447553,0.12305803,0.07169527,0.15250854,0.08915749,0.14240229
21,1.0,1.강제추행(성범죄)_111011_label.wav,0.22442971,0.13566773,0.10642766,0.1079222,0.116089344,0.14594397,0.16351941
22,1.0,1.강제추행(성범죄)_112822_label.wav,0.26523504,0.21154077,0.10625149,0.08109464,0.06279882,0.07778303,0.1952962
23,1.0,1.강제추행(성범죄)_112943_label.wav,0.21063864,0.14178078,0.11797593,0.081635945,0.21601604,0.10402559,0.12792712
24,1.0,1.강제추행(성범죄)_113008_label.wav,0.2238002,0.24263646,0.11133677,0.09665631,0.11226676,0.086490236,0.12681335
25,1.0,1.강제추행(성범죄)_113756_label.wav,0.2619757,0.14179064,0.093144365,0.12968466,0.09854227,0.08764018,0.18722223
26,1.0,1.강제추행(성범죄)_113856_label.wav,0.3725086,0.12632029,0.0891166,0.08586502,0.080784045,0.08700335,0.15840212
27,1.0,1.강제추행(성범죄)_114880_label.wav,0.32738715,0.13989128,0.10472975,0.10590737,0.112948194,0.098541774,0.11059446
28,1.0,1.강제추행(성범죄)_115156_label.wav,0.252145,0.12129762,0.12248391,0.09907322,0.12159116,0.08888274,0.19452645
29,1.0,1.강제추행(성범죄)_115312_label.wav,0.318236,0.14478606,0.1132823,0.1103224,0.09057701,0.093489945,0.12930627
30,1.0,1.강제추행(성범죄)_115404_label.wav,0.12126872,0.20900932,0.10064098,0.14133778,0.14653301,0.12777345,0.15343678
31,1.0,1.강제추행(성범죄)_115418_label.wav,0.104816355,0.28911155,0.09744386,0.14358796,0.13186397,0.07854719,0.15462914
32,1.0,1.강제추행(성범죄)_115530_label.wav,0.21118554,0.2243657,0.15461297,0.08793128,0.10316495,0.093127064,0.12561253
33,1.0,1.강제추행(성범죄)_115748_label.wav,0.13711484,0.14318223,0.09077386,0.086532995,0.09577448,0.3073096,0.13931195
34,1.0,1.강제추행(성범죄)_116196_label.wav,0.1441521,0.31038252,0.10646792,0.077269085,0.06772091,0.06720216,0.22680525
35,1.0,1.강제추행(성범죄)_116423_label.wav,0.12968089,0.16291049,0.111524515,0.16408983,0.081497684,0.06615282,0.28414384
36,1.0,1.강제추행(성범죄)_116657_label.wav,0.3315548,0.10847891,0.13187532,0.07107949,0.09420734,0.07275735,0.19004682
37,1.0,1.강제추행(성범죄)_117998_label.wav,0.14080012,0.2049669,0.10833705,0.20770644,0.08932649,0.079910025,0.16895305
38,1.0,1.강제추행(성범죄)_118167_label.wav,0.18391109,0.23018228,0.098599695,0.112421475,0.19690324,0.10077587,0.07720633
39,1.0,1.강제추행(성범죄)_118279_label.wav,0.187304,0.22264428,0.08852972,0.13738543,0.1325518,0.09093976,0.14064494
40,1.0,1.강제추행(성범죄)_118600_label.wav,0.08785446,0.36562172,0.079708084,0.13118602,0.09706846,0.07253155,0.16602972
41,1.0,1.강제추행(성범죄)_119444_label.wav,0.36970216,0.15239988,0.09055328,0.06367218,0.08907106,0.07558038,0.15902102
42,1.0,1.강제추행(성범죄)_120537_label.wav,0.28401068,0.19200878,0.094387315,0.10357506,0.07668358,0.102303185,0.14703134
43,1.0,1.강제추행(성범죄)_120577_label.wav,0.2531018,0.13301516,0.13936087,0.08521885,0.18028268,0.08549109,0.12352957
44,1.0,1.강제추행(성범죄)_1213178_label.wav,0.10258671,0.15872148,0.04685691,0.07699812,0.06090329,0.48042727,0.0735061
45,1.0,1.강제추행(성범죄)_1213308_label.wav,0.11619615,0.13593584,0.06279211,0.10317995,0.10821951,0.37662664,0.097049825
46,1.0,1.강제추행(성범죄)_1213312_label.wav,0.08917982,0.16107681,0.05729127,0.095776066,0.05525251,0.4610396,0.08038389
47,1.0,1.강제추행(성범죄)_1213777_label.wav,0.09599948,0.43680698,0.057245646,0.15799378,0.09890802,0.065468796,0.0875773
48,1.0,1.강제추행(성범죄)_1213816_label.wav,0.07508795,0.2965189,0.037134558,0.06602257,0.06241556,0.40549138,0.05732901
49,1.0,1.강제추행(성범죄)_1217540_label.wav,0.10515504,0.25683784,0.07102348,0.06949209,0.061144732,0.34093806,0.095408715
50,1.0,1.강제추행(성범죄)_1218530_label.wav,0.11211638,0.13384214,0.069028355,0.1582008,0.20936508,0.24637365,0.07107359
51,1.0,1.강제추행(성범죄)_1219488_label.wav,0.10325442,0.2647958,0.04346047,0.05772161,0.036893457,0.43656668,0.057307467
52,1.0,1.강제추행(성범죄)_122090_label.wav,0.1590275,0.35985917,0.086508416,0.123180315,0.09659458,0.07487562,0.099954404
53,1.0,1.강제추행(성범죄)_1234231_label.wav,0.17727269,0.32866472,0.06717402,0.04501321,0.07063721,0.14843054,0.16280769
54,1.0,1.강제추행(성범죄)_1234691_label.wav,0.0979867,0.26493895,0.05808927,0.06354437,0.061603725,0.29126006,0.16257687
55,1.0,1.강제추행(성범죄)_123493_label.wav,0.113034874,0.23271596,0.15108933,0.07477325,0.12293138,0.18283992,0.12261534
56,1.0,1.강제추행(성범죄)_1236751_label.wav,0.15972719,0.1882359,0.071322486,0.118101716,0.11014889,0.15072629,0.20173752
57,1.0,1.강제추행(성범죄)_1237569_label.wav,0.08370192,0.63444424,0.029908365,0.04911207,0.049963772,0.11342163,0.03944803
58,1.0,1.강제추행(성범죄)_1237789_label.wav,0.099324256,0.5902167,0.033176284,0.044779763,0.074521065,0.0975217,0.060460232
59,1.0,1.강제추행(성범죄)_123918_label.wav,0.24171492,0.09664312,0.14035061,0.115299515,0.1853006,0.07903382,0.14165734
60,1.0,1.강제추행(성범죄)_124420_label.wav,0.10818018,0.40768847,0.09787184,0.07817325,0.09695288,0.077070706,0.13406262
61,1.0,1.강제추행(성범죄)_1246437_label.wav,0.30530307,0.25241733,0.07418345,0.07193656,0.06218514,0.11900017,0.11497424
62,1.0,1.강제추행(성범죄)_1246755_label.wav,0.17531572,0.3804489,0.05279482,0.06353604,0.13902211,0.08908625,0.09979613
63,1.0,1.강제추행(성범죄)_1246894_label.wav,0.16579323,0.26164913,0.056980375,0.08241107,0.07868224,0.2380405,0.11644349
64,1.0,1.강제추행(성범죄)_1246983_label.wav,0.08664803,0.08066383,0.046397332,0.43419585,0.04522356,0.26102594,0.04584546
65,1.0,1.강제추행(성범죄)_1247734_label.wav,0.06867535,0.46477145,0.05829815,0.13242655,0.076857746,0.14856681,0.050404005
66,1.0,1.강제추행(성범죄)_1247799_label.wav,0.07960098,0.35311055,0.040949345,0.04564606,0.06913743,0.08588077,0.32567492
67,1.0,1.강제추행(성범죄)_124889_label.wav,0.15748955,0.35076627,0.078163914,0.091765076,0.06257122,0.078113206,0.18113074
68,1.0,1.강제추행(성범죄)_125154_label.wav,0.14992838,0.1852505,0.17756768,0.10810272,0.11925141,0.13219465,0.12770465
69,1.0,1.강제추행(성범죄)_125166_label.wav,0.19191408,0.1248624,0.09590952,0.086982094,0.20732631,0.14208418,0.15092139
70,1.0,1.강제추행(성범죄)_125387_label.wav,0.28096968,0.12246618,0.13219988,0.081886545,0.17224085,0.10711862,0.10311819
71,1.0,1.강제추행(성범죄)_125885_label.wav,0.14885521,0.11484386,0.11787543,0.13760236,0.22372182,0.13277456,0.12432677
72,1.0,1.강제추행(성범죄)_126368_label.wav,0.13248718,0.32120252,0.09535892,0.07908006,0.10112774,0.10569957,0.16504404
73,1.0,1.강제추행(성범죄)_126724_label.wav,0.14156447,0.2483607,0.18278241,0.10156783,0.102207325,0.101025,0.12249226
74,1.0,1.강제추행(성범죄)_127025_label.wav,0.13503508,0.1690629,0.122880176,0.08973697,0.1609303,0.138625,0.18372962
75,1.0,1.강제추행(성범죄)_127084_label.wav,0.42913893,0.15933533,0.08892781,0.085177794,0.08043917,0.080549516,0.076431416
76,1.0,1.강제추행(성범죄)_127488_label.wav,0.09236484,0.451493,0.08989317,0.073301464,0.091991894,0.06958401,0.13137168
77,1.0,1.강제추행(성범죄)_127500_label.wav,0.09831942,0.25270483,0.12150299,0.0858564,0.1312259,0.111624874,0.1987655
78,1.0,1.강제추행(성범죄)_127603_label.wav,0.18001482,0.16314298,0.095911875,0.089707814,0.14683099,0.23504516,0.08934628
79,1.0,1.강제추행(성범죄)_127812_label.wav,0.19923097,0.14722252,0.13317585,0.0899647,0.20592679,0.10668575,0.117793396
80,1.0,1.강제추행(성범죄)_127821_label.wav,0.22294565,0.2009563,0.09682381,0.15225556,0.060542166,0.10051134,0.16596517
81,1.0,1.강제추행(성범죄)_128278_label.wav,0.09348053,0.43877324,0.101863064,0.054909647,0.06258167,0.09548135,0.15291052
82,1.0,1.강제추행(성범죄)_128281_label.wav,0.18052392,0.17158878,0.09133242,0.10128316,0.09969143,0.11612661,0.2394537
83,1.0,1.강제추행(성범죄)_128888_label.wav,0.25450197,0.1502489,0.118496165,0.14598373,0.11042,0.112895526,0.10745368
84,1.0,1.강제추행(성범죄)_129039_label.wav,0.37416413,0.1251501,0.10473343,0.08414171,0.11788048,0.08798292,0.10594725
85,1.0,1.강제추행(성범죄)_129056_label.wav,0.28741214,0.13044307,0.12807757,0.08302237,0.15933535,0.09383752,0.117872044
86,1.0,1.강제추행(성범죄)_129234_label.wav,0.081730664,0.27802902,0.118646085,0.12356196,0.08010578,0.07456967,0.24335685
87,1.0,1.강제추행(성범죄)_129390_label.wav,0.12574828,0.16807343,0.13493367,0.10254535,0.12726955,0.14652957,0.19490014
88,1.0,1.강제추행(성범죄)_129394_label.wav,0.2348063,0.22662619,0.11456994,0.08030137,0.113733836,0.07177896,0.15818346
89,1.0,1.강제추행(성범죄)_129415_label.wav,0.33233503,0.135529,0.10959129,0.11044887,0.109637514,0.09893503,0.10352319
90,1.0,1.강제추행(성범죄)_129954_label.wav,0.23263246,0.21310528,0.096690334,0.110880114,0.08450369,0.07848619,0.18370199
91,1.0,1.강제추행(성범죄)_131210_label.wav,0.12047977,0.23216468,0.092327096,0.13518514,0.09778216,0.065033205,0.2570279
92,1.0,1.강제추행(성범죄)_131827_label.wav,0.42480326,0.15238898,0.0822246,0.07941143,0.058621384,0.0826391,0.11991116
93,1.0,1.강제추행(성범죄)_132027_label.wav,0.08545229,0.23736903,0.14676045,0.114243664,0.0984406,0.11387362,0.20386034
94,1.0,1.강제추행(성범죄)_132318_label.wav,0.18419331,0.24104054,0.10184395,0.1515452,0.1301985,0.10580433,0.08537419
95,1.0,1.강제추행(성범죄)_133181_label.wav,0.20631507,0.16787316,0.11144717,0.1553256,0.14924577,0.10860122,0.10119202
96,1.0,1.강제추행(성범죄)_133408_label.wav,0.1906893,0.16820158,0.11882914,0.07835934,0.17950568,0.102675684,0.16173922
97,1.0,1.강제추행(성범죄)_134131_label.wav,0.09969662,0.39298126,0.08363421,0.07377855,0.070205346,0.06906231,0.21064173
98,1.0,1.강제추행(성범죄)_134234_label.wav,0.12450349,0.14748463,0.08453799,0.14977196,0.23480217,0.11787968,0.1410202
99,1.0,1.강제추행(성범죄)_134774_label.wav,0.124899626,0.30605015,0.09272107,0.087398835,0.057848748,0.06522059,0.26586097
100,1.0,1.강제추행(성범죄)_134845_label.wav,0.0918783,0.25953573,0.1072281,0.11424846,0.10788806,0.09215509,0.2270663
101,1.0,1.강제추행(성범죄)_135685_label.wav,0.105293915,0.11992908,0.14623253,0.10527893,0.14891022,0.20862265,0.16573267
102,1.0,1.강제추행(성범죄)_135755_label.wav,0.18392353,0.20254906,0.092211,0.1983305,0.12013573,0.08234583,0.12050442
103,1.0,1.강제추행(성범죄)_136146_label.wav,0.20811579,0.13114625,0.113370374,0.13017257,0.14744984,0.11392299,0.15582219
104,1.0,1.강제추행(성범죄)_136645_label.wav,0.17813131,0.25780103,0.10036484,0.123833895,0.07337594,0.0830008,0.18349227
105,1.0,1.강제추행(성범죄)_137469_label.wav,0.24627785,0.19600256,0.11798605,0.08360631,0.11020171,0.097545415,0.14838007
106,1.0,1.강제추행(성범죄)_137535_label.wav,0.10895809,0.11857511,0.1256117,0.16436458,0.207515,0.12814993,0.14682561
107,1.0,1.강제추행(성범죄)_138944_label.wav,0.1222837,0.26234046,0.12011802,0.091589436,0.10867821,0.10567671,0.18931353
108,1.0,1.강제추행(성범죄)_140893_label.wav,0.10418929,0.12599319,0.12949789,0.17103311,0.23140755,0.12421668,0.11366228
109,1.0,1.강제추행(성범죄)_141693_label.wav,0.15039046,0.20530279,0.1126794,0.11750162,0.08953717,0.0957378,0.2288507
110,1.0,1.강제추행(성범죄)_141768_label.wav,0.2326205,0.15121393,0.10068406,0.06804552,0.25679627,0.09108504,0.09955475
111,1.0,1.강제추행(성범죄)_142172_label.wav,0.10608628,0.15681152,0.10297502,0.087267615,0.10794163,0.096870236,0.34204772
112,1.0,1.강제추행(성범죄)_142534_label.wav,0.166836,0.20278609,0.10179757,0.12158138,0.12476025,0.11092642,0.17131242
113,1.0,1.강제추행(성범죄)_142970_label.wav,0.2522155,0.10285786,0.1644584,0.108789064,0.1423623,0.09421935,0.13509749
114,1.0,1.강제추행(성범죄)_145785_label.wav,0.2541763,0.13082814,0.11508834,0.14450642,0.10277482,0.07757059,0.17505533
115,1.0,1.강제추행(성범죄)_146679_label.wav,0.09923007,0.26497713,0.1313124,0.12108483,0.08551843,0.10481458,0.19306257
116,1.0,1.강제추행(성범죄)_147588_label.wav,0.0982865,0.27338165,0.11873992,0.08492689,0.11007684,0.12367456,0.19091366
117,1.0,1.강제추행(성범죄)_147716_label.wav,0.17280819,0.31190506,0.08977564,0.1568574,0.083271176,0.09293753,0.09244498
118,1.0,1.강제추행(성범죄)_147911_label.wav,0.15543377,0.17004406,0.0983219,0.13104819,0.2346641,0.083808415,0.12667952
119,1.0,1.강제추행(성범죄)_148055_label.wav,0.12246987,0.22401674,0.12383292,0.124170505,0.14565353,0.103350066,0.15650639
120,1.0,1.강제추행(성범죄)_148236_label.wav,0.11262962,0.2975271,0.11114196,0.08342309,0.08250687,0.082637146,0.23013414
121,1.0,1.강제추행(성범죄)_148245_label.wav,0.09932043,0.36755526,0.08810731,0.06963827,0.07185602,0.07339313,0.23012957
122,1.0,1.강제추행(성범죄)_148305_label.wav,0.10585673,0.29445305,0.10157953,0.07398768,0.08627943,0.0963655,0.24147813
123,1.0,1.강제추행(성범죄)_18419_label.wav,0.2444636,0.22120894,0.09281738,0.11013094,0.09842813,0.088492796,0.14445813
124,1.0,1.강제추행(성범죄)_18449_label.wav,0.15177792,0.23987012,0.086075395,0.18698432,0.08335212,0.09743586,0.15450431
125,1.0,1.강제추행(성범죄)_18545_label.wav,0.0830673,0.44312617,0.110051356,0.07450658,0.06658161,0.06648486,0.15618214
126,1.0,1.강제추행(성범죄)_19258_label.wav,0.13426636,0.26594675,0.10779837,0.07866048,0.08516419,0.13903198,0.18913184
127,1.0,1.강제추행(성범죄)_19656_label.wav,0.21784435,0.19625902,0.097688116,0.15532087,0.08715557,0.09138439,0.15434776
128,1.0,1.강제추행(성범죄)_19819_label.wav,0.13528435,0.33913064,0.08412857,0.15940389,0.070560336,0.09760081,0.11389141
129,1.0,1.강제추행(성범죄)_22014_label.wav,0.1380339,0.23435776,0.09262218,0.13954413,0.08867743,0.07419895,0.23256572
130,1.0,1.강제추행(성범죄)_23015_label.wav,0.10374359,0.13226089,0.116114974,0.14257687,0.12658274,0.1304477,0.24827322
131,1.0,1.강제추행(성범죄)_23236_label.wav,0.31983018,0.09163479,0.14564538,0.12374546,0.11480017,0.0840321,0.12031188
132,1.0,1.강제추행(성범죄)_23945_label.wav,0.21560155,0.20007546,0.1260176,0.0882606,0.14539291,0.08298776,0.14166403
133,1.0,1.강제추행(성범죄)_24648_label.wav,0.2067296,0.1738681,0.10873571,0.1416292,0.11339184,0.10010524,0.1555403
134,1.0,1.강제추행(성범죄)_26121_label.wav,0.16146484,0.10628798,0.11866216,0.13973962,0.10896648,0.15773034,0.20714858
135,1.0,1.강제추행(성범죄)_26658_label.wav,0.33313847,0.2117516,0.09140116,0.07094167,0.08100645,0.06836315,0.14339742
136,1.0,1.강제추행(성범죄)_27248_label.wav,0.2298977,0.28650758,0.08555041,0.04943473,0.09917189,0.06747766,0.18196005
137,1.0,1.강제추행(성범죄)_27594_label.wav,0.16903576,0.18619388,0.10875766,0.18526702,0.102509275,0.09475338,0.153483
138,1.0,1.강제추행(성범죄)_27644_label.wav,0.07291219,0.46927905,0.14618775,0.053462528,0.053307105,0.05466954,0.1501818
139,1.0,1.강제추행(성범죄)_29661_label.wav,0.14180881,0.31697026,0.08783339,0.07366293,0.072618596,0.1624209,0.14468518
140,1.0,1.강제추행(성범죄)_31916_label.wav,0.14062051,0.31109798,0.10202053,0.08940994,0.10084389,0.1344435,0.12156364
141,1.0,1.강제추행(성범죄)_32930_label.wav,0.15946454,0.2642956,0.1066037,0.094729945,0.119464375,0.06396836,0.1914735
142,1.0,1.강제추행(성범죄)_35509_label.wav,0.29765552,0.21229455,0.09590012,0.071013115,0.09346404,0.06725406,0.16241863
143,1.0,1.강제추행(성범죄)_37862_label.wav,0.18425131,0.15511157,0.108213246,0.09393679,0.089331284,0.11058743,0.25856835
144,1.0,1.강제추행(성범죄)_37880_label.wav,0.2452756,0.17335473,0.100647785,0.14959224,0.085037984,0.097077206,0.14901452
145,1.0,1.강제추행(성범죄)_39722_label.wav,0.16228157,0.22552916,0.10120742,0.13785456,0.09474247,0.07571804,0.20266677
146,1.0,1.강제추행(성범죄)_39897_label.wav,0.17944878,0.2461087,0.095286235,0.07131898,0.08028528,0.06465079,0.26290125
147,1.0,1.강제추행(성범죄)_40073_label.wav,0.23911248,0.22217742,0.10400657,0.11230931,0.0960779,0.089403234,0.1369131
148,1.0,1.강제추행(성범죄)_652606_label.wav,0.17270498,0.21234936,0.17690039,0.09988005,0.13281736,0.07874619,0.12660174
149,1.0,1.강제추행(성범죄)_652636_label.wav,0.05788761,0.42621922,0.096180536,0.09843971,0.060153965,0.05597374,0.20514524
150,1.0,14.도움요청_1012303_label.wav,0.15020832,0.19019344,0.10231945,0.11752319,0.18220021,0.10149427,0.1560612
151,1.0,14.도움요청_1013387_label.wav,0.16225901,0.21490006,0.09001621,0.13822083,0.067437984,0.08221953,0.24494632
152,1.0,14.도움요청_1013570_label.wav,0.14238922,0.36800823,0.10120031,0.110773295,0.06821615,0.09388785,0.11552487
153,1.0,14.도움요청_1014982_label.wav,0.10898571,0.21268362,0.09402152,0.09152727,0.07740506,0.08487898,0.3304978
154,1.0,14.도움요청_1016819_label.wav,0.05859938,0.3140135,0.17260517,0.045622762,0.049062267,0.045598455,0.31449845
155,1.0,14.도움요청_1017651_label.wav,0.20532483,0.17258178,0.1104637,0.08563763,0.19569933,0.109642304,0.120650485
156,1.0,14.도움요청_1018874_label.wav,0.13560875,0.14021142,0.09139802,0.10529646,0.10067765,0.098523185,0.3282845
157,1.0,14.도움요청_1019476_label.wav,0.11422758,0.3106711,0.097042456,0.09523468,0.06260403,0.077731185,0.24248902
158,1.0,14.도움요청_1019814_label.wav,0.14635642,0.2274296,0.09991635,0.13699344,0.09171457,0.08652537,0.21106422
159,1.0,14.도움요청_1019819_label.wav,0.1407448,0.29613572,0.084313445,0.13335755,0.07635028,0.080855526,0.18824273
160,1.0,14.도움요청_1020405_label.wav,0.16321194,0.24050964,0.09809335,0.07762843,0.08112098,0.074095644,0.26533994
161,1.0,14.도움요청_1020867_label.wav,0.15793702,0.161085,0.1352491,0.0989716,0.14729358,0.09236617,0.20709759
162,1.0,14.도움요청_1021279_label.wav,0.20659447,0.24004358,0.09861666,0.085398816,0.0930768,0.08917667,0.18709303
163,1.0,14.도움요청_1021340_label.wav,0.21345015,0.20213494,0.089483984,0.14712025,0.084171504,0.098916315,0.16472277
164,1.0,14.도움요청_1021507_label.wav,0.14112645,0.12735358,0.09403298,0.11583383,0.112476386,0.0951222,0.31405455
165,1.0,14.도움요청_1021748_label.wav,0.12781999,0.18956383,0.0966798,0.06467319,0.101401284,0.06943816,0.35042372
166,1.0,14.도움요청_1024176_label.wav,0.11030736,0.17990083,0.122510254,0.12979952,0.07489543,0.103290334,0.27929628
167,1.0,14.도움요청_1024957_label.wav,0.24542193,0.18511344,0.10312739,0.11928012,0.07661149,0.0948116,0.17563406
168,1.0,14.도움요청_1026509_label.wav,0.16412465,0.36875308,0.0941206,0.044341065,0.07016824,0.07549162,0.18300077
169,1.0,14.도움요청_1026981_label.wav,0.24028882,0.12369565,0.15058544,0.08040343,0.15370554,0.104948826,0.14637232
170,1.0,14.도움요청_1027121_label.wav,0.09869252,0.41641897,0.09032742,0.097334616,0.06081221,0.07534569,0.16106851
171,1.0,14.도움요청_1029002_label.wav,0.10104673,0.36960164,0.10313005,0.102128744,0.066945404,0.07061571,0.18653174
172,1.0,14.도움요청_1031992_label.wav,0.13951534,0.22637764,0.10863929,0.16235062,0.06396562,0.08460706,0.21454439
173,1.0,14.도움요청_1032832_label.wav,0.16232692,0.13380128,0.120274074,0.08259008,0.08076809,0.07636154,0.343878
174,1.0,14.도움요청_1033560_label.wav,0.13707757,0.23660868,0.09802547,0.18408984,0.062236004,0.07480405,0.20715836
175,1.0,14.도움요청_1034696_label.wav,0.15187944,0.2609637,0.115461126,0.063966304,0.08096373,0.07459607,0.25216955
176,1.0,14.도움요청_1036506_label.wav,0.10092666,0.3679921,0.08892654,0.05567937,0.11149493,0.09570477,0.1792756
177,1.0,14.도움요청_1036691_label.wav,0.1586428,0.2222929,0.11346813,0.115702406,0.07681305,0.07717383,0.23590688
178,1.0,14.도움요청_1036865_label.wav,0.14551388,0.14561342,0.10380835,0.048169315,0.112579316,0.07996167,0.36435404
179,1.0,14.도움요청_1037381_label.wav,0.04414904,0.68363136,0.046443712,0.0391157,0.019725254,0.04449158,0.12244339
180,1.0,14.도움요청_1038048_label.wav,0.13348548,0.21845609,0.10419982,0.17805284,0.06995022,0.08358522,0.2122703
181,1.0,14.도움요청_1038346_label.wav,0.24909133,0.1986554,0.1140503,0.07821097,0.1536759,0.09600473,0.1103114
182,1.0,14.도움요청_1038770_label.wav,0.043687247,0.71588445,0.04047916,0.035757203,0.018011428,0.051625982,0.09455455
183,1.0,14.도움요청_1039087_label.wav,0.16396026,0.22691777,0.113056794,0.11342582,0.072305344,0.07759328,0.23274067
184,1.0,14.도움요청_1041465_label.wav,0.14134946,0.18213023,0.12850848,0.13286391,0.10655512,0.13140193,0.17719083
185,1.0,14.도움요청_1041829_label.wav,0.15064973,0.315703,0.08241428,0.10196968,0.079767816,0.089399844,0.18009567
186,1.0,14.도움요청_1042000_label.wav,0.16763267,0.18186745,0.108186886,0.06946039,0.2586956,0.10351369,0.110643394
187,1.0,14.도움요청_1044875_label.wav,0.14861432,0.31791896,0.07026852,0.10281453,0.078278586,0.1066172,0.17548802
188,1.0,14.도움요청_1045688_label.wav,0.12844893,0.31849292,0.08564337,0.10704887,0.08194443,0.09771271,0.18070872
189,1.0,14.도움요청_1045798_label.wav,0.16492122,0.3383304,0.09286536,0.06193713,0.0632286,0.08996427,0.1887531
190,1.0,14.도움요청_1046284_label.wav,0.09996815,0.3033895,0.09820856,0.09468366,0.09327903,0.0841358,0.22633523
191,1.0,14.도움요청_1046298_label.wav,0.28131467,0.14360085,0.095259145,0.068117976,0.088793166,0.12436849,0.19854571
192,1.0,14.도움요청_1046743_label.wav,0.15525271,0.18588242,0.13277848,0.11572927,0.10384252,0.119359724,0.18715489
193,1.0,14.도움요청_1046757_label.wav,0.07004935,0.32863063,0.11518914,0.0875426,0.14633475,0.079361044,0.17289247
194,1.0,14.도움요청_1046835_label.wav,0.16634184,0.36430284,0.067475826,0.06707079,0.07170039,0.08768101,0.17542735
195,1.0,14.도움요청_117267_label.wav,0.16266441,0.26134717,0.108936936,0.10238713,0.1490991,0.083441295,0.13212396
196,1.0,14.도움요청_117910_label.wav,0.24253543,0.2884594,0.08815193,0.071576074,0.072902285,0.07513812,0.16123676
197,1.0,14.도움요청_118951_label.wav,0.15515417,0.16817352,0.110565014,0.09552723,0.20134354,0.13182944,0.13740712
198,1.0,14.도움요청_119112_label.wav,0.24971206,0.2732159,0.08121619,0.10211302,0.07733809,0.09394478,0.122459844
199,1.0,14.도움요청_123822_label.wav,0.07735423,0.087742426,0.07214461,0.05801473,0.11478372,0.21167368,0.37828666
200,1.0,14.도움요청_1254860_label.wav,0.18268844,0.1552578,0.101155095,0.048465725,0.07685752,0.093856245,0.34171915
201,1.0,14.도움요청_1255489_label.wav,0.16612434,0.33227846,0.11244768,0.10984752,0.07287827,0.08287946,0.123544164
202,1.0,14.도움요청_125769_label.wav,0.1294647,0.24369617,0.098406486,0.100537494,0.18817122,0.07200166,0.16772228
203,1.0,14.도움요청_125782_label.wav,0.07403309,0.28030095,0.09069495,0.066083476,0.06285355,0.18350251,0.24253151
204,1.0,14.도움요청_126073_label.wav,0.22413702,0.112363786,0.14568636,0.09130882,0.21414618,0.065971434,0.14638641
205,1.0,14.도움요청_127424_label.wav,0.32186866,0.21299972,0.08559853,0.06265461,0.068747655,0.06561133,0.18251947
206,1.0,14.도움요청_128338_label.wav,0.18665652,0.1855343,0.101703264,0.092052914,0.16422506,0.12611324,0.14371476
207,1.0,14.도움요청_128714_label.wav,0.06445722,0.37570065,0.08234702,0.119439244,0.14451368,0.092461556,0.12108069
208,1.0,14.도움요청_130234_label.wav,0.16941085,0.1535251,0.0937495,0.12632921,0.14602691,0.088347696,0.22261073
209,1.0,14.도움요청_130810_label.wav,0.32458308,0.13986954,0.12768705,0.13666914,0.090456605,0.1073056,0.073428966
210,1.0,14.도움요청_136794_label.wav,0.19359142,0.25563875,0.063508846,0.114443876,0.09296002,0.079739824,0.20011725
211,1.0,14.도움요청_137785_label.wav,0.20057306,0.20292047,0.093977064,0.07211405,0.202087,0.08475668,0.14357167
212,1.0,14.도움요청_36120_label.wav,0.21750101,0.08584433,0.1317273,0.14476627,0.08536006,0.1737705,0.1610305
213,1.0,14.도움요청_36404_label.wav,0.2466123,0.23486452,0.09240149,0.07905159,0.11623376,0.07402854,0.15680774
214,1.0,14.도움요청_40126_label.wav,0.36494756,0.19675247,0.069878936,0.099340916,0.07631262,0.08884882,0.10391863
215,1.0,14.도움요청_42389_label.wav,0.124156676,0.20749065,0.12541758,0.13495582,0.15642697,0.08099189,0.17056039
216,1.0,14.도움요청_44581_label.wav,0.13253449,0.1622471,0.16702354,0.16567537,0.123938024,0.120161325,0.12842019
217,1.0,14.도움요청_49844_label.wav,0.21194746,0.26484424,0.07783439,0.05948769,0.18963517,0.07598613,0.12026493
218,1.0,14.도움요청_531077_label.wav,0.24079171,0.09333356,0.0772683,0.10914623,0.09481576,0.104643404,0.28000104
219,1.0,14.도움요청_756759_label.wav,0.3697507,0.12660263,0.14264911,0.11125779,0.06919172,0.0712673,0.10928072
220,1.0,14.도움요청_759223_label.wav,0.06396293,0.46350488,0.1775011,0.044957306,0.045697015,0.045363467,0.15901333
221,1.0,14.도움요청_759482_label.wav,0.07638281,0.26100957,0.12799372,0.072169095,0.063161366,0.054503143,0.34478024
222,1.0,14.도움요청_761099_label.wav,0.2203877,0.08442659,0.14546911,0.21042283,0.061493628,0.0650728,0.21272737
223,1.0,14.도움요청_762158_label.wav,0.18012674,0.11693291,0.17260364,0.13740112,0.098724276,0.08227131,0.21194007
224,1.0,14.도움요청_762661_label.wav,0.086655125,0.15139042,0.19115451,0.15213417,0.13815723,0.06596745,0.21454109
225,1.0,14.도움요청_763081_label.wav,0.06819475,0.48311144,0.112562746,0.09345354,0.05043181,0.08990775,0.10233802
226,1.0,14.도움요청_763372_label.wav,0.059440266,0.43534297,0.09705323,0.0604063,0.058057174,0.058342375,0.23135771
227,1.0,14.도움요청_763887_label.wav,0.078167215,0.45542398,0.095227115,0.059489496,0.0861174,0.08884907,0.13672575
228,1.0,14.도움요청_764798_label.wav,0.08291988,0.28405935,0.15577327,0.08859239,0.18644077,0.07550509,0.12670922
229,1.0,14.도움요청_764920_label.wav,0.146299,0.18287507,0.1465708,0.1530616,0.065311395,0.085320614,0.22056146
230,1.0,14.도움요청_764948_label.wav,0.071340516,0.4598271,0.09213896,0.059291113,0.058928054,0.06439721,0.19407703
231,1.0,14.도움요청_765173_label.wav,0.07880495,0.2745422,0.115847155,0.08888615,0.0846084,0.13721266,0.22009854
232,1.0,14.도움요청_765913_label.wav,0.10826273,0.30408177,0.13839589,0.08876326,0.07952322,0.080330655,0.20064253
233,1.0,14.도움요청_766234_label.wav,0.24738833,0.15005198,0.1420798,0.07281552,0.060705964,0.061577387,0.26538104
234,1.0,14.도움요청_766292_label.wav,0.083923854,0.30207935,0.09535028,0.061674472,0.06393922,0.21322075,0.17981203
235,1.0,14.도움요청_766875_label.wav,0.05924105,0.25392282,0.188082,0.04698962,0.047611047,0.051990483,0.35216305
236,1.0,14.도움요청_769321_label.wav,0.04934651,0.095995426,0.63548243,0.032601513,0.042997602,0.0349597,0.108616754
237,1.0,14.도움요청_769896_label.wav,0.091618456,0.24069281,0.10150976,0.16273142,0.06334683,0.05021283,0.28988788
238,1.0,14.도움요청_771073_label.wav,0.09905409,0.12643401,0.1684763,0.09865901,0.095743,0.08622032,0.32541326
239,1.0,14.도움요청_772501_label.wav,0.2348982,0.18556508,0.13852869,0.110046744,0.10355983,0.10185035,0.12555107
240,1.0,14.도움요청_772545_label.wav,0.13528743,0.22667015,0.09330815,0.1713395,0.07830456,0.07475781,0.22033238
241,1.0,14.도움요청_772837_label.wav,0.10048666,0.20820963,0.21077812,0.09772278,0.11728937,0.06877151,0.1967419
242,1.0,14.도움요청_772864_label.wav,0.09879999,0.2971094,0.083879754,0.075895704,0.10298547,0.18348463,0.15784504
243,1.0,14.도움요청_773097_label.wav,0.20150995,0.20412773,0.1136982,0.06626158,0.057091568,0.061050523,0.29626045
244,1.0,14.도움요청_773950_label.wav,0.08260864,0.4593451,0.15718137,0.061281186,0.054574832,0.088784404,0.09622454
245,1.0,14.도움요청_774475_label.wav,0.07730241,0.37553635,0.07259982,0.20009254,0.10285141,0.08860015,0.08301727
246,1.0,14.도움요청_775663_label.wav,0.07913847,0.2718445,0.090428315,0.13373218,0.095844604,0.066010654,0.2630013
247,1.0,14.도움요청_778835_label.wav,0.21882565,0.1775677,0.08305293,0.06519614,0.21355921,0.06983111,0.17196721
248,1.0,14.도움요청_782491_label.wav,0.08134987,0.24031772,0.081907876,0.16067713,0.067196995,0.07193652,0.2966138
249,1.0,14.도움요청_782696_label.wav,0.08813553,0.3458168,0.12187083,0.06381778,0.1317083,0.0682827,0.18036811
250,1.0,14.도움요청_78301_label.wav,0.10496696,0.24125816,0.13541086,0.13751687,0.10993747,0.11576045,0.15514915
251,1.0,14.도움요청_783690_label.wav,0.08150088,0.29924026,0.13171273,0.071805865,0.07507449,0.11234794,0.22831784
252,1.0,14.도움요청_784313_label.wav,0.3756386,0.1501908,0.13243397,0.10575766,0.062480316,0.06546124,0.10803747
253,1.0,14.도움요청_784941_label.wav,0.06579627,0.18693566,0.08298837,0.1215359,0.06948597,0.072647825,0.40060997
254,1.0,14.도움요청_785259_label.wav,0.19960628,0.28479284,0.09159651,0.051114902,0.058224402,0.05203136,0.26263377
255,1.0,14.도움요청_785433_label.wav,0.15960763,0.27398098,0.11370913,0.07929199,0.06707867,0.09261144,0.21372019
256,1.0,14.도움요청_785801_label.wav,0.15452185,0.34701926,0.10892867,0.14162448,0.044550207,0.051312488,0.15204306
257,1.0,14.도움요청_786281_label.wav,0.107051276,0.15826826,0.11464588,0.10906586,0.051350947,0.055565268,0.40405253
258,1.0,14.도움요청_788440_label.wav,0.121291265,0.19101736,0.07968567,0.10021897,0.12569945,0.15637843,0.22570884
259,1.0,14.도움요청_788647_label.wav,0.11140394,0.30709237,0.09157445,0.22136958,0.07432942,0.07630333,0.11792685
260,1.0,14.도움요청_788904_label.wav,0.12034112,0.14795646,0.2124707,0.16833712,0.09911977,0.0878994,0.16387548
261,1.0,14.도움요청_789584_label.wav,0.18134348,0.32152107,0.08329965,0.051385086,0.055618457,0.06342603,0.24340616
262,1.0,14.도움요청_790395_label.wav,0.09924757,0.12889455,0.098199956,0.175259,0.069018655,0.08932023,0.34006
263,1.0,14.도움요청_791063_label.wav,0.27439672,0.1760419,0.1134486,0.09621765,0.06479064,0.07758166,0.19752282
264,1.0,14.도움요청_791365_label.wav,0.09464824,0.19716512,0.09696846,0.083532974,0.078107774,0.3168522,0.13272515
265,1.0,14.도움요청_792675_label.wav,0.13148633,0.14410058,0.12825295,0.12235052,0.28490818,0.082554005,0.10634742
266,1.0,14.도움요청_799878_label.wav,0.20445172,0.21019065,0.081174515,0.08751698,0.09210252,0.17735817,0.14720552
267,1.0,14.도움요청_800158_label.wav,0.08940538,0.27462795,0.1213308,0.05554756,0.059448652,0.056023166,0.34361652
268,1.0,14.도움요청_800613_label.wav,0.21304843,0.2544657,0.08347516,0.08435951,0.08743133,0.06710421,0.21011567
269,1.0,14.도움요청_801398_label.wav,0.08339964,0.39981407,0.069915086,0.09345298,0.09705888,0.1154422,0.14091714
270,1.0,14.도움요청_801832_label.wav,0.0993057,0.20717566,0.10395362,0.1426417,0.09341307,0.1372676,0.21624273
271,1.0,14.도움요청_80227_label.wav,0.5920308,0.058116503,0.0802866,0.07931425,0.055486273,0.04541778,0.089347765
272,1.0,14.도움요청_804339_label.wav,0.09562118,0.12230923,0.16340566,0.07670524,0.106069304,0.084872246,0.3510171
273,1.0,14.도움요청_804561_label.wav,0.09902493,0.18692943,0.08761342,0.14499338,0.15298478,0.2134479,0.11500615
274,1.0,14.도움요청_806007_label.wav,0.078135595,0.4296541,0.14364827,0.054924674,0.057131253,0.055629015,0.18087706
275,1.0,14.도움요청_806222_label.wav,0.22713134,0.3077111,0.12061656,0.054865595,0.05403261,0.07993655,0.15570624
276,1.0,14.도움요청_81320_label.wav,0.33879846,0.1301635,0.1249408,0.085375234,0.14794935,0.09771161,0.07506099
277,1.0,14.도움요청_85917_label.wav,0.08677805,0.25984058,0.13223523,0.20699652,0.095133714,0.07344479,0.14557117
278,1.0,14.도움요청_959220_label.wav,0.22096294,0.19282006,0.14275716,0.08242496,0.121587954,0.08328899,0.1561579
279,1.0,14.도움요청_964033_label.wav,0.10302052,0.15010004,0.12603557,0.2389443,0.10405271,0.08704598,0.19080092
280,1.0,14.도움요청_965789_label.wav,0.115225345,0.18314396,0.10189953,0.31684864,0.090982564,0.06514398,0.12675607
281,1.0,14.도움요청_966660_label.wav,0.077349946,0.17973092,0.1539344,0.26871842,0.163892,0.071772546,0.084601685
282,1.0,14.도움요청_968278_label.wav,0.34770498,0.15890002,0.119908676,0.076369055,0.10601832,0.09097933,0.10011963
283,1.0,14.도움요청_968639_label.wav,0.16208477,0.20844622,0.110721394,0.10554145,0.10603078,0.09267909,0.21449625
284,1.0,14.도움요청_970155_label.wav,0.14899698,0.1926928,0.17244887,0.1261856,0.14840099,0.07197947,0.1392954
285,1.0,14.도움요청_973774_label.wav,0.27742842,0.18640651,0.088435724,0.15953024,0.06192499,0.09235567,0.13391848
286,1.0,14.도움요청_973962_label.wav,0.17017157,0.31210226,0.10551897,0.09418125,0.10212607,0.10851548,0.10738436
287,1.0,2.강도범죄_1246187_label.wav,0.101599514,0.19456851,0.059768215,0.07513167,0.19692989,0.28435457,0.08764758
288,1.0,2.강도범죄_1246265_label.wav,0.115227535,0.49170336,0.047114313,0.0523024,0.07601925,0.13355723,0.084075846
289,1.0,2.강도범죄_1246286_label.wav,0.07363208,0.5838841,0.051534202,0.067717806,0.06071834,0.0757739,0.08673961
290,1.0,2.강도범죄_354226_label.wav,0.06736026,0.3532037,0.12743759,0.054805376,0.041049816,0.1448905,0.21125267
291,1.0,2.강도범죄_354390_label.wav,0.32822207,0.122635484,0.120603085,0.08348177,0.086854465,0.057114307,0.20108882
292,1.0,2.강도범죄_359218_label.wav,0.06048064,0.1469384,0.21966283,0.09162232,0.086188965,0.08896368,0.3061432
293,1.0,2.강도범죄_359446_label.wav,0.13437924,0.23391457,0.1138936,0.091710925,0.078035854,0.06574426,0.28232145
294,1.0,2.강도범죄_360895_label.wav,0.20715952,0.20520274,0.10342319,0.08141165,0.08441062,0.049377285,0.26901504
295,1.0,2.강도범죄_362105_label.wav,0.18260172,0.24909267,0.10506349,0.08261174,0.14687364,0.0771202,0.15663654
296,1.0,2.강도범죄_363149_label.wav,0.06529843,0.19296645,0.069907196,0.04674557,0.054241944,0.036019046,0.5348214
297,1.0,2.강도범죄_363436_label.wav,0.09147789,0.401815,0.15160829,0.057547685,0.04861018,0.06861966,0.18032125
298,1.0,2.강도범죄_364430_label.wav,0.05961907,0.3535767,0.1145301,0.066152,0.07381695,0.07273013,0.25957504
299,1.0,2.강도범죄_364611_label.wav,0.07559345,0.27906144,0.1659432,0.086821005,0.09788627,0.0724969,0.22219774
300,1.0,2.강도범죄_365036_label.wav,0.14822231,0.26947695,0.13287945,0.070504956,0.10058242,0.056539506,0.22179444
301,1.0,2.강도범죄_365192_label.wav,0.23118411,0.19491315,0.13072683,0.10921243,0.10829116,0.06827612,0.15739618
302,1.0,2.강도범죄_365692_label.wav,0.11046517,0.18178536,0.15070018,0.1043386,0.09790534,0.06349806,0.29130727
303,1.0,2.강도범죄_367413_label.wav,0.1282689,0.31878635,0.08621816,0.13248698,0.14206548,0.0784799,0.113694236
304,1.0,2.강도범죄_368098_label.wav,0.054618903,0.15747812,0.07784162,0.08119484,0.058902137,0.03693348,0.5330309
305,1.0,2.강도범죄_370252_label.wav,0.14013886,0.34062883,0.12187166,0.060403977,0.06768427,0.063507915,0.20576443
306,1.0,2.강도범죄_370369_label.wav,0.13090187,0.08567948,0.14784718,0.086493276,0.26451498,0.062448967,0.2221142
307,1.0,2.강도범죄_370980_label.wav,0.31667042,0.17074722,0.12196807,0.056839436,0.06288156,0.05879763,0.21209566
308,1.0,2.강도범죄_371003_label.wav,0.16256624,0.32040754,0.1069816,0.073863685,0.07862233,0.105034485,0.15252419
309,1.0,2.강도범죄_371101_label.wav,0.11849465,0.2467854,0.12072695,0.0810011,0.12453013,0.08583481,0.22262697
310,1.0,2.강도범죄_371401_label.wav,0.11589576,0.30625948,0.16486515,0.059215322,0.075785525,0.057671018,0.22030772
311,1.0,2.강도범죄_372743_label.wav,0.19591202,0.20430818,0.15891549,0.08912657,0.084480196,0.102898724,0.16435887
312,1.0,2.강도범죄_374967_label.wav,0.058996946,0.4559205,0.09026198,0.07324541,0.046387568,0.08141468,0.19377287
313,1.0,2.강도범죄_376670_label.wav,0.22988938,0.15653433,0.107923865,0.09295267,0.07164034,0.048448183,0.29261124
314,1.0,2.강도범죄_378311_label.wav,0.19584605,0.15848419,0.100616336,0.103096314,0.08588479,0.036961585,0.31911072
315,1.0,2.강도범죄_379179_label.wav,0.14037873,0.2542942,0.15376303,0.11438781,0.10199545,0.08627823,0.14890257
316,1.0,2.강도범죄_379877_label.wav,0.14115696,0.21103518,0.20389341,0.06797356,0.08628134,0.06626596,0.22339354
317,1.0,2.강도범죄_380042_label.wav,0.17319374,0.23620375,0.13978653,0.13367122,0.113183014,0.06892064,0.13504113
318,1.0,2.강도범죄_380702_label.wav,0.05739226,0.13502568,0.07722995,0.2184624,0.08210479,0.07681755,0.35296738
319,1.0,2.강도범죄_381407_label.wav,0.07376048,0.29314533,0.13509461,0.091673195,0.0519245,0.04639909,0.30800286
320,1.0,2.강도범죄_382471_label.wav,0.0879024,0.2310256,0.20662068,0.111191384,0.093836114,0.08512667,0.18429713
321,1.0,2.강도범죄_382498_label.wav,0.14691843,0.1195099,0.11412188,0.08584765,0.2264102,0.06947563,0.2377163
322,1.0,2.강도범죄_382509_label.wav,0.08786431,0.26406524,0.117980935,0.09549619,0.07572185,0.07133489,0.28753665
323,1.0,2.강도범죄_385575_label.wav,0.07475008,0.09135927,0.102794304,0.11562778,0.11216127,0.20958313,0.2937242
324,1.0,2.강도범죄_385976_label.wav,0.11668947,0.19783606,0.12879682,0.076426655,0.20811033,0.1468197,0.12532093
325,1.0,2.강도범죄_386596_label.wav,0.1928252,0.12849599,0.1358188,0.11402603,0.09677109,0.10878138,0.22328149
326,1.0,2.강도범죄_388701_label.wav,0.09020178,0.094313644,0.11665398,0.15191197,0.05300412,0.067236096,0.4266784
327,1.0,2.강도범죄_388993_label.wav,0.46277624,0.10360505,0.065732956,0.044586238,0.05403476,0.03812493,0.23113982
328,1.0,2.강도범죄_389070_label.wav,0.059985638,0.113187835,0.13374084,0.095264025,0.13780238,0.06854159,0.3914777
329,1.0,2.강도범죄_392482_label.wav,0.07531249,0.2582561,0.16657911,0.079801746,0.07061128,0.11467766,0.23476164
330,1.0,2.강도범죄_392953_label.wav,0.17136244,0.22259107,0.10023807,0.102715,0.10656948,0.1221205,0.17440346
331,1.0,2.강도범죄_393257_label.wav,0.5559334,0.11717379,0.09107409,0.050911415,0.041363046,0.061441,0.08210325
332,1.0,2.강도범죄_393649_label.wav,0.14139844,0.24177732,0.1432221,0.10373962,0.1250298,0.08192729,0.16290542
333,1.0,2.강도범죄_393740_label.wav,0.092091754,0.25487435,0.092928864,0.094219424,0.088624835,0.077959925,0.29930088
334,1.0,2.강도범죄_394712_label.wav,0.08639172,0.071670294,0.25842744,0.1086658,0.13231099,0.19837135,0.1441624
335,1.0,2.강도범죄_395042_label.wav,0.27636084,0.14669116,0.08172485,0.062159754,0.09623952,0.050048225,0.2867757
336,1.0,2.강도범죄_396193_label.wav,0.07154196,0.12081993,0.100097835,0.121234946,0.09566778,0.12814261,0.36249495
337,1.0,2.강도범죄_396519_label.wav,0.2159632,0.23785801,0.09272043,0.05105356,0.13089733,0.12665029,0.14485721
338,1.0,2.강도범죄_396696_label.wav,0.07804323,0.16012697,0.114709295,0.1517721,0.09681216,0.087217666,0.3113186
339,1.0,2.강도범죄_399859_label.wav,0.17652743,0.19993353,0.17368788,0.12910303,0.111422464,0.09452201,0.11480359
340,1.0,2.강도범죄_399862_label.wav,0.09448033,0.1091494,0.12699018,0.14612123,0.082046896,0.048195466,0.39301646
341,1.0,2.강도범죄_403890_label.wav,0.073022544,0.24507433,0.12609112,0.22043766,0.06812085,0.09227089,0.17498264
342,1.0,2.강도범죄_406676_label.wav,0.099085614,0.12428244,0.07813734,0.20701665,0.11747153,0.088386975,0.28561947
343,1.0,2.강도범죄_406871_label.wav,0.20950808,0.124804124,0.106579535,0.104129344,0.056935016,0.048670482,0.3493734
344,1.0,2.강도범죄_408193_label.wav,0.54842144,0.039144047,0.073846996,0.06458107,0.036846638,0.040237732,0.19692208
345,1.0,2.강도범죄_408280_label.wav,0.094823726,0.108129844,0.08684905,0.08746264,0.06695959,0.07299911,0.48277596
346,1.0,2.강도범죄_408563_label.wav,0.28580266,0.25843602,0.107861534,0.087996386,0.08373448,0.0644419,0.11172694
347,1.0,2.강도범죄_410330_label.wav,0.13503611,0.21520464,0.09457,0.08779585,0.14291942,0.110432215,0.21404172
348,1.0,2.강도범죄_410569_label.wav,0.098308355,0.2646465,0.1373205,0.17655617,0.08606442,0.08972834,0.14737576
349,1.0,2.강도범죄_410785_label.wav,0.13428487,0.15976222,0.08907457,0.0700263,0.12572314,0.10025539,0.3208734
350,1.0,2.강도범죄_413426_label.wav,0.059717555,0.13302608,0.08227993,0.15259069,0.13427839,0.07058368,0.36752367
351,1.0,2.강도범죄_414244_label.wav,0.09121392,0.08290618,0.13585268,0.09920878,0.056027904,0.050098952,0.48469156
352,1.0,2.강도범죄_414972_label.wav,0.14435929,0.19989794,0.16402048,0.047857814,0.2586271,0.10013581,0.085101515
353,1.0,2.강도범죄_415446_label.wav,0.068547346,0.28200248,0.12236441,0.08062289,0.078949004,0.057051063,0.31046277
354,1.0,2.강도범죄_416414_label.wav,0.120808914,0.1655478,0.17027321,0.10066064,0.17177829,0.14139487,0.12953633
355,1.0,2.강도범죄_417190_label.wav,0.12799235,0.16883284,0.12823893,0.076100275,0.09737851,0.06670526,0.3347519
356,1.0,2.강도범죄_419928_label.wav,0.29936755,0.111899965,0.087317124,0.05745596,0.07188297,0.050856963,0.32121953
357,1.0,2.강도범죄_422460_label.wav,0.0990422,0.109777585,0.11179768,0.08705958,0.0519763,0.06628572,0.474061
358,1.0,2.강도범죄_422887_label.wav,0.09956044,0.29748142,0.17269692,0.095118456,0.089159675,0.066519134,0.17946397
359,1.0,2.강도범죄_423371_label.wav,0.18793218,0.1325874,0.1358064,0.1067344,0.09334595,0.105162784,0.23843086
360,1.0,2.강도범죄_424421_label.wav,0.13847461,0.12604462,0.16460101,0.09985888,0.14984424,0.06766248,0.25351423
361,1.0,2.강도범죄_425201_label.wav,0.106060036,0.19928418,0.1290053,0.07648782,0.07485249,0.088370994,0.32593924
362,1.0,2.강도범죄_425395_label.wav,0.6155689,0.06911417,0.08082947,0.03915274,0.039686505,0.03539164,0.120256655
363,1.0,2.강도범죄_425786_label.wav,0.14664409,0.15340365,0.14361295,0.11134243,0.06888979,0.044081565,0.3320255
364,1.0,2.강도범죄_426305_label.wav,0.16472642,0.22999698,0.08314997,0.04905681,0.14489295,0.06381534,0.2643616
365,1.0,2.강도범죄_426357_label.wav,0.07381192,0.29651994,0.18639085,0.09556622,0.08829977,0.060739882,0.19867142
366,1.0,2.강도범죄_427489_label.wav,0.05884327,0.42724818,0.18478797,0.051863413,0.0412068,0.12070747,0.115342915
367,1.0,2.강도범죄_428708_label.wav,0.1814338,0.07286442,0.106626615,0.084920794,0.051047,0.04181078,0.46129662
368,1.0,2.강도범죄_429097_label.wav,0.19071992,0.29036197,0.09308201,0.070210926,0.16598304,0.09936641,0.090275735
369,1.0,2.강도범죄_429977_label.wav,0.11943543,0.1955485,0.11104818,0.076752566,0.10482154,0.1161627,0.27623105
370,1.0,2.강도범죄_430058_label.wav,0.061799146,0.26358896,0.134241,0.07249961,0.06141378,0.053608846,0.3528487
371,1.0,2.강도범죄_430614_label.wav,0.6900915,0.06982902,0.06152211,0.024430836,0.032831654,0.04432993,0.07696493
372,1.0,2.강도범죄_432442_label.wav,0.1563081,0.15858237,0.11456532,0.05942436,0.108284846,0.047047317,0.35578772
373,1.0,2.강도범죄_433133_label.wav,0.06672318,0.38680622,0.16009629,0.06706702,0.0540348,0.101314165,0.16395831
374,1.0,2.강도범죄_433366_label.wav,0.108950466,0.3718555,0.097290434,0.0598009,0.12182927,0.0895177,0.15075575
375,1.0,2.강도범죄_433504_label.wav,0.6447658,0.0624949,0.04380282,0.021832112,0.03270641,0.029489547,0.16490841
376,1.0,2.강도범죄_434016_label.wav,0.50183606,0.11469539,0.07484008,0.04884135,0.045720838,0.037628267,0.1764381
377,1.0,2.강도범죄_652948_label.wav,0.27276936,0.118022546,0.12056746,0.110680655,0.16264822,0.111622915,0.10368891
378,1.0,2.강도범죄_653134_label.wav,0.07050886,0.2038687,0.10061803,0.07885685,0.0558476,0.38712096,0.103179015
379,1.0,2.강도범죄_653269_label.wav,0.08014496,0.18702061,0.10316021,0.08398581,0.07910374,0.31290528,0.15367939
380,1.0,2.강도범죄_936004_label.wav,0.21021485,0.14655648,0.13518828,0.15361014,0.13562386,0.11383028,0.10497612
381,1.0,2.강도범죄_938146_label.wav,0.10598722,0.16651429,0.22057088,0.08206157,0.10211678,0.06901252,0.25373676
382,1.0,2.강도범죄_938154_label.wav,0.19570425,0.045154855,0.26136443,0.16366321,0.058758423,0.080611214,0.1947436
383,1.0,2.강도범죄_938289_label.wav,0.48439482,0.045233935,0.15020229,0.046041008,0.106113695,0.07071848,0.09729569
384,1.0,2.강도범죄_943502_label.wav,0.10031513,0.402174,0.079321325,0.10111833,0.06529139,0.054516155,0.19726364
385,1.0,2.강도범죄_943851_label.wav,0.085732,0.34774885,0.10800402,0.11363469,0.120507106,0.08229061,0.14208272
386,1.0,2.강도범죄_944277_label.wav,0.15336578,0.33601564,0.0946261,0.107903875,0.09279666,0.08546345,0.12982853
387,1.0,2.강도범죄_946052_label.wav,0.08748382,0.296665,0.11102388,0.0674391,0.0579029,0.054952566,0.32453275
388,1.0,2.강도범죄_946224_label.wav,0.24147817,0.20210606,0.101204045,0.07859355,0.12023518,0.09890439,0.15747868
389,1.0,2.강도범죄_946295_label.wav,0.14435884,0.38494688,0.09698359,0.0979823,0.05722773,0.078914665,0.13958597
390,1.0,2.강도범죄_946345_label.wav,0.20339881,0.09894828,0.13832699,0.07131042,0.2061695,0.0984256,0.18342042
391,1.0,2.강도범죄_946396_label.wav,0.15826063,0.18349633,0.12496625,0.08237208,0.109268785,0.08262459,0.25901142
392,1.0,2.강도범죄_946550_label.wav,0.16247098,0.38312247,0.08591815,0.072204374,0.058718752,0.06665278,0.17091246
393,1.0,2.강도범죄_946600_label.wav,0.35903302,0.13123867,0.09847336,0.113430664,0.09639018,0.121769466,0.07966464
394,1.0,2.강도범죄_946739_label.wav,0.13878717,0.118496284,0.111785375,0.095181905,0.111350305,0.09534423,0.32905477
395,1.0,2.강도범죄_946842_label.wav,0.08162999,0.303656,0.13691294,0.13817056,0.17707564,0.11351926,0.04903556
396,1.0,2.강도범죄_946881_label.wav,0.08846514,0.43934268,0.11600659,0.12564407,0.06010186,0.0867724,0.08366726
397,1.0,2.강도범죄_946891_label.wav,0.11649524,0.39326307,0.104213186,0.115872145,0.067887194,0.10555753,0.0967117
398,1.0,2.강도범죄_947037_label.wav,0.1823314,0.248252,0.11636843,0.17486301,0.09088112,0.13667986,0.05062423
399,1.0,2.강도범죄_947403_label.wav,0.0634148,0.54956067,0.10233983,0.08146916,0.051567484,0.058883786,0.09276425
400,1.0,3.절도범죄_1238039_label.wav,0.044107035,0.70147103,0.042961232,0.05845416,0.05189864,0.044746544,0.056361314
401,1.0,3.절도범죄_1238141_label.wav,0.0920665,0.5150967,0.037351664,0.04521828,0.04600761,0.123851426,0.14040773
402,1.0,3.절도범죄_1238574_label.wav,0.09356392,0.2759757,0.09220087,0.13237987,0.07811267,0.18613777,0.14162917
403,1.0,3.절도범죄_1238957_label.wav,0.1209165,0.28507772,0.047870863,0.06707868,0.06626159,0.2372177,0.17557696
404,1.0,3.절도범죄_1239348_label.wav,0.073103055,0.16921304,0.07034586,0.14903547,0.1643562,0.2555177,0.11842869
405,1.0,3.절도범죄_1239388_label.wav,0.06118786,0.63791937,0.02561466,0.032864027,0.0379029,0.15041588,0.054095272
406,1.0,3.절도범죄_1239466_label.wav,0.14442427,0.16413802,0.09516229,0.13333896,0.12851313,0.23979798,0.09462533
407,1.0,3.절도범죄_1239571_label.wav,0.08295979,0.34245664,0.08189567,0.07699241,0.05428027,0.1868129,0.1746023
408,1.0,3.절도범죄_1239789_label.wav,0.030027507,0.7529972,0.0224938,0.051060405,0.047260042,0.036114905,0.06004608
409,1.0,3.절도범죄_1240093_label.wav,0.10124311,0.2606227,0.085585676,0.08911127,0.04802433,0.3137961,0.10161683
410,1.0,3.절도범죄_1240111_label.wav,0.12242135,0.28451312,0.07760175,0.057681914,0.058903817,0.18889286,0.20998518
411,1.0,3.절도범죄_1240174_label.wav,0.12034024,0.2157077,0.07655894,0.06977154,0.057088226,0.32141572,0.13911767
412,1.0,3.절도범죄_1240178_label.wav,0.09654311,0.36059195,0.048314787,0.066491194,0.07799547,0.24000435,0.11005905
413,1.0,3.절도범죄_1240304_label.wav,0.2003602,0.44462717,0.047220282,0.051420197,0.06694966,0.13466337,0.05475915
414,1.0,3.절도범죄_1240416_label.wav,0.14493547,0.42309636,0.051060878,0.09551251,0.057854794,0.121317685,0.10622231
415,1.0,3.절도범죄_1240461_label.wav,0.11910514,0.47160405,0.04194776,0.055611704,0.05680874,0.12773833,0.12718433
416,1.0,3.절도범죄_1240777_label.wav,0.13795833,0.22756676,0.078735344,0.08237041,0.058802906,0.25677937,0.15778694
417,1.0,3.절도범죄_1240790_label.wav,0.1285617,0.21922058,0.055366687,0.066180915,0.12250336,0.30351347,0.10465324
418,1.0,3.절도범죄_1241180_label.wav,0.115454264,0.28651214,0.05048721,0.05474076,0.07427142,0.2495558,0.16897842
419,1.0,3.절도범죄_1241335_label.wav,0.07282916,0.37081337,0.06002028,0.09711073,0.044792864,0.18060383,0.17382987
420,1.0,3.절도범죄_1241357_label.wav,0.09360129,0.21525626,0.059703976,0.06903908,0.04987034,0.31815875,0.19437028
421,1.0,3.절도범죄_1241376_label.wav,0.05117565,0.73825765,0.035048343,0.05028364,0.045152504,0.048888147,0.031194175
422,1.0,3.절도범죄_1241456_label.wav,0.14407565,0.25259218,0.07379477,0.07033442,0.12242484,0.23320237,0.10357585
423,1.0,3.절도범죄_1241774_label.wav,0.13869278,0.297546,0.041791227,0.034291673,0.11388888,0.06448623,0.3093032
424,1.0,3.절도범죄_1242062_label.wav,0.025630964,0.78352493,0.021626318,0.06861984,0.029385624,0.029723782,0.041488558
425,1.0,3.절도범죄_1242063_label.wav,0.123240456,0.28241014,0.07067708,0.048934758,0.06279213,0.15435328,0.2575922
426,1.0,3.절도범죄_1242179_label.wav,0.2791243,0.40640488,0.04828509,0.108446114,0.05010217,0.04489802,0.06273934
427,1.0,3.절도범죄_1242183_label.wav,0.065520585,0.7025081,0.038445782,0.032669052,0.046578646,0.07109334,0.043184534
428,1.0,3.절도범죄_1242592_label.wav,0.09209273,0.20993587,0.0664918,0.11571691,0.064290375,0.38097757,0.07049478
429,1.0,3.절도범죄_1242742_label.wav,0.40519068,0.16250797,0.061196715,0.08409545,0.03315827,0.20359801,0.05025303
430,1.0,3.절도범죄_1242898_label.wav,0.08834938,0.12162168,0.07928969,0.10285749,0.13078777,0.3203468,0.1567471
431,1.0,3.절도범죄_1242925_label.wav,0.16435455,0.1358337,0.07164292,0.06166334,0.07004942,0.26493895,0.23151717
432,1.0,3.절도범죄_1242936_label.wav,0.044056073,0.7490245,0.030587632,0.045201905,0.054593176,0.03731751,0.039219204
433,1.0,3.절도범죄_1243126_label.wav,0.1585359,0.26269385,0.08526013,0.07161002,0.08524079,0.23557684,0.101082414
434,1.0,3.절도범죄_1243621_label.wav,0.12659964,0.23845041,0.09007984,0.12141056,0.08302384,0.24648309,0.09395257
435,1.0,3.절도범죄_1243637_label.wav,0.066627316,0.5736348,0.056955963,0.11495384,0.090808935,0.051223375,0.045795724
436,1.0,3.절도범죄_1243689_label.wav,0.2377227,0.2125268,0.048098717,0.059863415,0.064462714,0.28640693,0.090918645
437,1.0,3.절도범죄_1243759_label.wav,0.23665483,0.25031084,0.046874125,0.062403794,0.058118366,0.23436826,0.11126973
438,1.0,3.절도범죄_1243974_label.wav,0.06887688,0.6503062,0.046362363,0.078016855,0.06796257,0.04195478,0.046520386
439,1.0,3.절도범죄_1244334_label.wav,0.19845879,0.32481468,0.07983836,0.04846115,0.09043201,0.11376716,0.14422782
440,1.0,3.절도범죄_271322_label.wav,0.255083,0.17930594,0.14983708,0.067384794,0.10139865,0.06740817,0.17958242
441,1.0,3.절도범죄_272145_label.wav,0.22166526,0.23062627,0.098507196,0.10804486,0.07166835,0.11518113,0.15430702
442,1.0,3.절도범죄_274292_label.wav,0.21869473,0.22304317,0.1275634,0.08343412,0.13756321,0.094096735,0.11560465
443,1.0,3.절도범죄_274760_label.wav,0.18143179,0.18808551,0.094267845,0.08351657,0.14063889,0.16761926,0.14444014
444,1.0,3.절도범죄_275690_label.wav,0.25454062,0.16897589,0.10363161,0.07604253,0.12612398,0.0825995,0.18808588
445,1.0,3.절도범죄_277364_label.wav,0.23758338,0.23763213,0.115517884,0.09319813,0.09916423,0.08796396,0.1289403
446,1.0,3.절도범죄_277455_label.wav,0.23333423,0.26527604,0.091331296,0.06106926,0.08220237,0.07109838,0.19568846
447,1.0,3.절도범죄_277571_label.wav,0.20880009,0.23445424,0.107455485,0.08933846,0.10127237,0.09226393,0.16641548
448,1.0,3.절도범죄_281251_label.wav,0.13999327,0.57338643,0.053876266,0.057170004,0.030726938,0.059653055,0.085194014
449,1.0,3.절도범죄_281254_label.wav,0.22139779,0.30074593,0.10355938,0.10893332,0.08632595,0.07832957,0.10070806
450,1.0,3.절도범죄_281307_label.wav,0.25621095,0.19579345,0.10776345,0.057157375,0.13223386,0.07152685,0.17931406
451,1.0,3.절도범죄_281377_label.wav,0.15646508,0.09784153,0.31038955,0.0933969,0.14705336,0.070460044,0.12439348
452,1.0,3.절도범죄_281824_label.wav,0.32170808,0.19515409,0.12749478,0.0690803,0.07463872,0.06708893,0.14483507
453,1.0,3.절도범죄_281842_label.wav,0.2602329,0.12725362,0.1728128,0.092561536,0.14119785,0.08501959,0.12092165
454,1.0,3.절도범죄_283192_label.wav,0.3034297,0.15119697,0.14140542,0.10665884,0.11633163,0.0855574,0.09542008
455,1.0,3.절도범죄_284768_label.wav,0.26063755,0.26812714,0.10088726,0.051783986,0.08854816,0.076487884,0.15352796
456,1.0,3.절도범죄_46158_label.wav,0.314355,0.14303645,0.13000429,0.08854418,0.09945771,0.09138417,0.13321824
457,1.0,3.절도범죄_46405_label.wav,0.18868919,0.25550133,0.1031205,0.111409485,0.07828148,0.10734169,0.15565644
458,1.0,3.절도범죄_47415_label.wav,0.26665306,0.17828181,0.11136825,0.11714991,0.10678477,0.095160015,0.12460227
459,1.0,3.절도범죄_49078_label.wav,0.18372235,0.19645883,0.11693494,0.06836979,0.17012057,0.092880875,0.17151265
460,1.0,3.절도범죄_49560_label.wav,0.23648123,0.2138885,0.11005215,0.066716656,0.09428049,0.07397738,0.20460364
461,1.0,3.절도범죄_49590_label.wav,0.29525116,0.27958754,0.07859658,0.067203194,0.06446989,0.069812156,0.14507951
462,1.0,3.절도범죄_49808_label.wav,0.18595845,0.2533481,0.11566263,0.09674758,0.11411247,0.07400152,0.16016929
463,1.0,3.절도범죄_563864_label.wav,0.4997506,0.08542276,0.093456686,0.06889301,0.05566473,0.076525256,0.120286964
464,1.0,3.절도범죄_564005_label.wav,0.48391342,0.1077381,0.0826774,0.07811318,0.046690974,0.09615438,0.10471255
465,1.0,3.절도범죄_564057_label.wav,0.52992404,0.08067971,0.08204629,0.06498473,0.059716348,0.0869969,0.095652014
466,1.0,3.절도범죄_564159_label.wav,0.47070432,0.0692825,0.09263949,0.070824705,0.08741237,0.11568566,0.09345092
467,1.0,3.절도범죄_565198_label.wav,0.51483905,0.07798909,0.097324826,0.07369372,0.052285597,0.07868647,0.105181225
468,1.0,3.절도범죄_565403_label.wav,0.54843223,0.067820124,0.08203171,0.06372157,0.055421725,0.07613984,0.10643277
469,1.0,3.절도범죄_565699_label.wav,0.49825498,0.08508999,0.09497058,0.070127115,0.05514491,0.07727283,0.11913959
470,1.0,3.절도범죄_565967_label.wav,0.47523922,0.080726646,0.09188351,0.072633386,0.07372008,0.09702485,0.108772375
471,1.0,3.절도범죄_566004_label.wav,0.52694345,0.078151055,0.083629765,0.063702434,0.062420905,0.087978825,0.097173624
472,1.0,3.절도범죄_566019_label.wav,0.5190086,0.07990959,0.08077048,0.065604106,0.05259502,0.082600325,0.11951201
473,1.0,3.절도범죄_566558_label.wav,0.5281783,0.074522294,0.0845883,0.07034233,0.060598686,0.078375965,0.10339412
474,1.0,3.절도범죄_567760_label.wav,0.52962327,0.07514943,0.083737664,0.067006126,0.060371723,0.08824702,0.09586473
475,1.0,3.절도범죄_568655_label.wav,0.50479025,0.07886268,0.09994127,0.07108828,0.05471025,0.076821774,0.11378557
476,1.0,3.절도범죄_569063_label.wav,0.5188671,0.07417546,0.083281316,0.06728035,0.058778226,0.07676535,0.120852254
477,1.0,3.절도범죄_569234_label.wav,0.5171273,0.07691927,0.08561325,0.078645,0.056592673,0.08406318,0.10103935
478,1.0,3.절도범죄_569321_label.wav,0.52297443,0.07561016,0.07990212,0.06706105,0.05834474,0.081626,0.11448146
479,1.0,3.절도범죄_569501_label.wav,0.51360923,0.075132236,0.08073123,0.06644496,0.059725493,0.07994447,0.1244124
480,1.0,3.절도범죄_570162_label.wav,0.51059717,0.079967596,0.07676767,0.06841644,0.054812238,0.08318615,0.12625273
481,1.0,3.절도범죄_570467_label.wav,0.5037263,0.08134647,0.081064865,0.0679875,0.059258543,0.08251556,0.12410079
482,1.0,3.절도범죄_570979_label.wav,0.5175596,0.07547546,0.08319021,0.06850542,0.05829395,0.08047706,0.11649833
483,1.0,3.절도범죄_571599_label.wav,0.5396342,0.070796765,0.08468192,0.063870795,0.061888326,0.08184236,0.09728556
484,1.0,3.절도범죄_571775_label.wav,0.521193,0.08336305,0.08227282,0.06584972,0.056657873,0.07499661,0.11566695
485,1.0,3.절도범죄_571968_label.wav,0.5408012,0.07141489,0.091320075,0.06892689,0.05333461,0.07805959,0.0961427
486,1.0,3.절도범죄_575327_label.wav,0.10450676,0.11183745,0.108148634,0.17728475,0.13866585,0.21616268,0.1433938
487,1.0,3.절도범죄_575445_label.wav,0.104078785,0.11115489,0.104456864,0.18668778,0.13756329,0.2093892,0.14666916
488,1.0,3.절도범죄_575571_label.wav,0.10331778,0.11188737,0.109666355,0.18079916,0.1407569,0.20610908,0.14746332
489,1.0,3.절도범죄_576190_label.wav,0.10407007,0.11583999,0.10854386,0.17113023,0.13632153,0.21511489,0.14897943
490,1.0,3.절도범죄_577022_label.wav,0.103261724,0.11300888,0.11029209,0.1770677,0.13831702,0.20839933,0.14965326
491,1.0,3.절도범죄_577620_label.wav,0.104780145,0.110591836,0.10365233,0.18628863,0.13723865,0.2099268,0.14752163
492,1.0,3.절도범죄_578791_label.wav,0.10042226,0.1206582,0.098347425,0.19645385,0.13639158,0.2044218,0.14330491
493,1.0,3.절도범죄_578907_label.wav,0.10158339,0.1179013,0.100564025,0.1894382,0.14062747,0.21064264,0.13924299
494,1.0,3.절도범죄_579028_label.wav,0.097282566,0.117944025,0.09912448,0.1766279,0.13828228,0.21732596,0.15341276
495,1.0,3.절도범죄_579228_label.wav,0.105219126,0.1145653,0.10296852,0.18187658,0.1388133,0.2161575,0.14039971
496,1.0,3.절도범죄_580057_label.wav,0.10121912,0.11226545,0.10127517,0.1870288,0.14187115,0.21099973,0.1453406
497,1.0,3.절도범죄_580734_label.wav,0.10505821,0.113259435,0.09924179,0.19494419,0.13988554,0.20635402,0.1412568
498,1.0,3.절도범죄_581047_label.wav,0.10402566,0.11339753,0.107349455,0.1752026,0.13877413,0.21581525,0.14543538
499,1.0,3.절도범죄_581099_label.wav,0.105050646,0.11383889,0.10127439,0.18721354,0.13668488,0.21490219,0.14103553
500,1.0,3.절도범죄_581114_label.wav,0.10523275,0.110760495,0.109552614,0.1729453,0.13882567,0.2196737,0.14300953
501,1.0,3.절도범죄_581353_label.wav,0.10048913,0.110256456,0.09568126,0.1917839,0.14170039,0.21062586,0.14946298
502,1.0,3.절도범죄_581375_label.wav,0.10459128,0.113660336,0.10281467,0.18641694,0.14125684,0.21315704,0.13810287
503,1.0,3.절도범죄_581467_label.wav,0.10048913,0.110256456,0.09568126,0.1917839,0.14170039,0.21062586,0.14946298
504,1.0,3.절도범죄_581496_label.wav,0.10437251,0.11191252,0.10413064,0.18460487,0.13762778,0.2071636,0.15018801
505,1.0,3.절도범죄_582245_label.wav,0.104167804,0.11543051,0.10730276,0.17397323,0.13438153,0.21465547,0.15008868
506,1.0,3.절도범죄_582516_label.wav,0.10048913,0.110256456,0.09568126,0.1917839,0.14170039,0.21062586,0.14946298
507,1.0,3.절도범죄_582761_label.wav,0.10112531,0.118325174,0.101158395,0.18834822,0.14046554,0.2082257,0.14235167
508,1.0,3.절도범죄_583187_label.wav,0.10523275,0.110760495,0.109552614,0.1729453,0.13882567,0.2196737,0.14300953
509,1.0,3.절도범죄_583415_label.wav,0.10110421,0.11940806,0.10099071,0.19144471,0.1374815,0.20490533,0.14466552
510,1.0,3.절도범죄_584409_label.wav,0.10360671,0.115237765,0.105765104,0.18221818,0.13444139,0.20715652,0.15157425
511,1.0,3.절도범죄_585784_label.wav,0.10557665,0.113992766,0.10590383,0.17740127,0.13900214,0.21819143,0.1399319
512,1.0,3.절도범죄_586480_label.wav,0.10402566,0.11339753,0.107349455,0.1752026,0.13877413,0.21581525,0.14543538
513,1.0,3.절도범죄_586578_label.wav,0.099299915,0.11296144,0.09824334,0.18646243,0.13943648,0.2138426,0.14975384
514,1.0,3.절도범죄_587138_label.wav,0.1020452,0.11763921,0.10069901,0.19222893,0.13942352,0.20768347,0.1402807
515,1.0,3.절도범죄_587904_label.wav,0.10145041,0.11948882,0.10246388,0.18565986,0.1383904,0.20862435,0.14392234
516,1.0,3.절도범죄_587967_label.wav,0.10556989,0.114521176,0.10424112,0.18169765,0.14017726,0.2159503,0.13784271
517,1.0,3.절도범죄_588229_label.wav,0.10437251,0.11191252,0.10413064,0.18460487,0.13762778,0.2071636,0.15018801
518,1.0,3.절도범죄_588467_label.wav,0.18517973,0.15585476,0.0892478,0.10196401,0.12768783,0.2266533,0.11341255
519,1.0,3.절도범죄_589371_label.wav,0.19592945,0.21186793,0.0935324,0.08506915,0.0928185,0.22811942,0.09266315
520,1.0,3.절도범죄_589833_label.wav,0.15816803,0.17428812,0.1378615,0.07454369,0.13630249,0.2078203,0.111015856
521,1.0,3.절도범죄_590285_label.wav,0.12127991,0.25763035,0.13049692,0.08058619,0.102998994,0.20250621,0.104501426
522,1.0,3.절도범죄_590959_label.wav,0.14172058,0.17144568,0.13094845,0.08833799,0.11638008,0.23913923,0.11202804
523,1.0,3.절도범죄_591667_label.wav,0.15011871,0.14347294,0.122242495,0.08171041,0.13475925,0.22504534,0.14265098
524,1.0,3.절도범죄_591786_label.wav,0.1203146,0.14215073,0.09181473,0.09987538,0.18291941,0.21445136,0.14847372
525,1.0,3.절도범죄_592292_label.wav,0.14014478,0.17750551,0.106985874,0.10846414,0.121570975,0.2369829,0.10834574
526,1.0,3.절도범죄_593139_label.wav,0.15083188,0.17644733,0.14520529,0.08690932,0.114569075,0.21791156,0.10812555
527,1.0,3.절도범죄_594178_label.wav,0.16025111,0.22622225,0.11745819,0.06869136,0.10505202,0.22363903,0.098686025
528,1.0,3.절도범죄_594266_label.wav,0.17169113,0.16173786,0.12302691,0.09130808,0.12794408,0.22212557,0.10216625
529,1.0,3.절도범죄_594990_label.wav,0.11540246,0.2205574,0.1256355,0.07675797,0.11605426,0.23592535,0.1096671
530,1.0,3.절도범죄_597596_label.wav,0.112132974,0.24418607,0.1394247,0.074713506,0.09915904,0.20447814,0.12590566
531,1.0,3.절도범죄_598086_label.wav,0.16238996,0.19141245,0.121330924,0.09938836,0.101392254,0.22450323,0.09958288
532,1.0,3.절도범죄_598871_label.wav,0.11824398,0.16979271,0.10057907,0.101180084,0.14557064,0.23104951,0.13358405
533,1.0,3.절도범죄_599150_label.wav,0.1405302,0.23584563,0.115488,0.06389295,0.11199514,0.22746105,0.10478712
534,1.0,3.절도범죄_599682_label.wav,0.13645159,0.14332332,0.12136859,0.080458246,0.13632274,0.23836985,0.14370567
535,1.0,3.절도범죄_599714_label.wav,0.11376693,0.18720268,0.1425478,0.09271165,0.12406648,0.21447864,0.12522578
536,1.0,3.절도범죄_601096_label.wav,0.20902005,0.15683241,0.11914426,0.08183953,0.11392338,0.21908937,0.10015098
537,1.0,3.절도범죄_601128_label.wav,0.11862023,0.2082852,0.09524826,0.0934597,0.13362636,0.2268104,0.12394986
538,1.0,3.절도범죄_601469_label.wav,0.16653417,0.14924248,0.0804432,0.11420621,0.16295871,0.20132053,0.12529463
539,1.0,3.절도범죄_601981_label.wav,0.11454836,0.23817894,0.12025421,0.086290136,0.11583464,0.21752265,0.10737102
540,1.0,3.절도범죄_603503_label.wav,0.19037434,0.14766161,0.09511125,0.0964879,0.14373982,0.21890263,0.1077225
541,1.0,3.절도범죄_605647_label.wav,0.1600515,0.19127148,0.12510033,0.096695825,0.110350534,0.21771699,0.098813355
542,1.0,3.절도범죄_605678_label.wav,0.11644044,0.17083131,0.10276764,0.10141941,0.1516822,0.22778171,0.12907735
543,1.0,3.절도범죄_605866_label.wav,0.17161588,0.22563167,0.09794824,0.06359848,0.116952464,0.20922899,0.11502425
544,1.0,3.절도범죄_605966_label.wav,0.11297011,0.18514943,0.14243601,0.09381557,0.12686718,0.21547754,0.12328415
545,1.0,3.절도범죄_653975_label.wav,0.35206282,0.096205965,0.120037146,0.088088855,0.13845837,0.10665101,0.098495804
546,1.0,4.폭력범죄_1000284_label.wav,0.31369328,0.1578796,0.1144881,0.10304654,0.11257979,0.109624006,0.08868865
547,1.0,4.폭력범죄_1000334_label.wav,0.23480782,0.20254526,0.12956768,0.1263005,0.10957697,0.11810007,0.079101734
548,1.0,4.폭력범죄_1000391_label.wav,0.45798144,0.09273585,0.086863264,0.112438455,0.12702844,0.07272341,0.05022917
549,1.0,4.폭력범죄_1000627_label.wav,0.28939012,0.086312644,0.15217586,0.09183888,0.12359466,0.08057511,0.17611273
550,1.0,4.폭력범죄_1000973_label.wav,0.36120316,0.1136779,0.09340423,0.10827071,0.16768667,0.08697198,0.06878536
551,1.0,4.폭력범죄_1001062_label.wav,0.26647094,0.17564584,0.098281205,0.09991861,0.08105275,0.13495569,0.14367495
552,1.0,4.폭력범죄_1001381_label.wav,0.27461553,0.111448236,0.12769005,0.16565755,0.091657124,0.088602744,0.14032874
553,1.0,4.폭력범죄_1002570_label.wav,0.16022396,0.18293099,0.15971772,0.110865735,0.14062591,0.110439874,0.13519578
554,1.0,4.폭력범죄_1002705_label.wav,0.14093415,0.118333384,0.17286527,0.10984186,0.1659201,0.14591877,0.14618644
555,1.0,4.폭력범죄_1087435_label.wav,0.09801673,0.21123219,0.11171457,0.08389683,0.08083501,0.26672107,0.14758365
556,1.0,4.폭력범죄_1089578_label.wav,0.20661955,0.12961449,0.13429624,0.22715843,0.07657268,0.14077628,0.08496239
557,1.0,4.폭력범죄_1090996_label.wav,0.17464896,0.12876533,0.1658465,0.14601286,0.24167846,0.078314595,0.06473334
558,1.0,4.폭력범죄_1091241_label.wav,0.3835549,0.11779603,0.09509723,0.10751496,0.09585307,0.08915363,0.11103019
559,1.0,4.폭력범죄_1091451_label.wav,0.121288866,0.16931535,0.087520435,0.12572894,0.33826217,0.06496291,0.09292142
560,1.0,4.폭력범죄_1092036_label.wav,0.38681543,0.07686117,0.09257683,0.10140661,0.10201054,0.108058795,0.13227065
561,1.0,4.폭력범죄_1092079_label.wav,0.48302883,0.04289206,0.07462684,0.09279936,0.10422285,0.046446137,0.15598391
562,1.0,4.폭력범죄_1092965_label.wav,0.26743484,0.12588878,0.09555578,0.17826787,0.07199711,0.0992885,0.16156709
563,1.0,4.폭력범죄_1093023_label.wav,0.19665074,0.1202997,0.15085176,0.12790415,0.19326928,0.14125435,0.06976993
564,1.0,4.폭력범죄_1093232_label.wav,0.101797275,0.31876317,0.10272608,0.098991066,0.13919695,0.069817014,0.16870843
565,1.0,4.폭력범죄_1093862_label.wav,0.13344872,0.14172825,0.19609848,0.09969728,0.18928522,0.11532007,0.12442206
566,1.0,4.폭력범죄_1094224_label.wav,0.09841963,0.27088168,0.12258931,0.09541023,0.1506222,0.12365908,0.13841777
567,1.0,4.폭력범죄_1094562_label.wav,0.120813936,0.09233671,0.16855189,0.21861969,0.1385874,0.09321265,0.16787776
568,1.0,4.폭력범죄_1094581_label.wav,0.28832793,0.07714446,0.10556195,0.15094651,0.12772653,0.13458574,0.11570689
569,1.0,4.폭력범죄_1095383_label.wav,0.1253279,0.104479454,0.15973727,0.10141189,0.29266322,0.112369,0.1040113
570,1.0,4.폭력범죄_1095500_label.wav,0.086106904,0.13930261,0.32004297,0.10966966,0.12746188,0.10561861,0.11179733
571,1.0,4.폭력범죄_1095872_label.wav,0.31004944,0.11945039,0.08558809,0.11365454,0.099176235,0.10910595,0.16297531
572,1.0,4.폭력범죄_1213973_label.wav,0.2082811,0.11845878,0.13920932,0.12589,0.19302802,0.14617544,0.068957336
573,1.0,4.폭력범죄_1214665_label.wav,0.29217863,0.20131655,0.083137594,0.15441115,0.08015237,0.10409153,0.08471219
574,1.0,4.폭력범죄_1214844_label.wav,0.23707128,0.16915877,0.11385174,0.1494817,0.14054728,0.10257606,0.08731309
575,1.0,4.폭력범죄_1215008_label.wav,0.2762063,0.1735846,0.099472985,0.13464427,0.09767773,0.10312091,0.115293235
576,1.0,4.폭력범죄_1215094_label.wav,0.39799026,0.08932908,0.074933015,0.11992425,0.082632266,0.090065196,0.14512591
577,1.0,4.폭력범죄_1215140_label.wav,0.5121096,0.09214299,0.08811229,0.10474949,0.08706721,0.076349445,0.039469015
578,1.0,4.폭력범죄_1215424_label.wav,0.15608147,0.14847004,0.08088079,0.29855528,0.10685376,0.11458059,0.094578095
579,1.0,4.폭력범죄_1216051_label.wav,0.10756511,0.15576972,0.12553489,0.2664277,0.088145606,0.09848443,0.15807252
580,1.0,4.폭력범죄_1216085_label.wav,0.3073243,0.10855487,0.097290486,0.17818935,0.089423835,0.11396127,0.105255984
581,1.0,4.폭력범죄_1216764_label.wav,0.20643589,0.17794369,0.10295046,0.19309278,0.11580412,0.09581517,0.10795794
582,1.0,4.폭력범죄_1216899_label.wav,0.2133257,0.16633967,0.13164952,0.13357781,0.10635053,0.10228809,0.14646865
583,1.0,4.폭력범죄_1217255_label.wav,0.3470765,0.14703582,0.085137695,0.11533963,0.093240455,0.09474914,0.11742083
584,1.0,4.폭력범죄_1219904_label.wav,0.21934754,0.13254671,0.1099575,0.1518834,0.13667272,0.09619916,0.15339302
585,1.0,4.폭력범죄_1220349_label.wav,0.2992061,0.115544826,0.095773585,0.17629811,0.09106467,0.1061527,0.115959965
586,1.0,4.폭력범죄_1221458_label.wav,0.103663534,0.23545092,0.13332792,0.18637888,0.086588055,0.08229082,0.17229985
587,1.0,4.폭력범죄_1223016_label.wav,0.38461995,0.08095977,0.09614609,0.10457585,0.12647389,0.10100172,0.106222734
588,1.0,4.폭력범죄_1223823_label.wav,0.33855203,0.090952314,0.10779211,0.11483861,0.121291354,0.121193394,0.10538016
589,1.0,4.폭력범죄_1224615_label.wav,0.34807947,0.19987567,0.09829728,0.100938395,0.07595811,0.077809334,0.099041775
590,1.0,4.폭력범죄_274215_label.wav,0.14529759,0.1245713,0.15111709,0.14824642,0.17840923,0.113194175,0.13916418
591,1.0,4.폭력범죄_275130_label.wav,0.18647385,0.14981803,0.12575032,0.14921543,0.1312713,0.075042635,0.18242833
592,1.0,4.폭력범죄_276430_label.wav,0.12118479,0.105169676,0.11831114,0.12699991,0.15092756,0.2731019,0.104304954
593,1.0,4.폭력범죄_279482_label.wav,0.08365654,0.19542788,0.15647835,0.09445455,0.07759206,0.19510423,0.19728647
594,1.0,4.폭력범죄_280724_label.wav,0.2975908,0.04941821,0.08952265,0.10919659,0.18159167,0.19353192,0.07914822
595,1.0,4.폭력범죄_283190_label.wav,0.16402878,0.18758409,0.110404365,0.12299534,0.14661174,0.11887738,0.14949827
596,1.0,4.폭력범죄_286770_label.wav,0.1500122,0.20188265,0.10771114,0.09686232,0.10005173,0.10135367,0.24212633
597,1.0,4.폭력범죄_287223_label.wav,0.12584749,0.13942234,0.09344575,0.08803708,0.26648545,0.15058291,0.13617894
598,1.0,4.폭력범죄_288035_label.wav,0.12752444,0.14181517,0.15507142,0.10682433,0.1607624,0.15913327,0.14886892
599,1.0,4.폭력범죄_288835_label.wav,0.30491397,0.0508117,0.08867991,0.11042957,0.17565268,0.19395484,0.07555724
600,1.0,4.폭력범죄_289354_label.wav,0.20607865,0.13574012,0.10009101,0.15597005,0.12111637,0.10277866,0.17822513
601,1.0,4.폭력범죄_289357_label.wav,0.13581347,0.11637764,0.15259613,0.10889686,0.15458097,0.1668093,0.16492558
602,1.0,4.폭력범죄_289585_label.wav,0.07938205,0.31069282,0.14261498,0.09408243,0.08460561,0.16431805,0.12430402
603,1.0,4.폭력범죄_290146_label.wav,0.2173758,0.12710863,0.1092211,0.115132235,0.18646638,0.09304815,0.1516477
604,1.0,4.폭력범죄_290609_label.wav,0.35010442,0.12695375,0.10092295,0.109874375,0.09749061,0.12170975,0.09294411
605,1.0,4.폭력범죄_290793_label.wav,0.12818514,0.09978381,0.11233028,0.13367543,0.16918339,0.2539484,0.10289359
606,1.0,4.폭력범죄_291031_label.wav,0.5343568,0.12524886,0.07250301,0.08057502,0.058244478,0.080621235,0.04845063
607,1.0,4.폭력범죄_292715_label.wav,0.3725303,0.12917697,0.10815089,0.088394955,0.09876837,0.09822635,0.1047521
608,1.0,4.폭력범죄_292973_label.wav,0.122822315,0.13071229,0.11690585,0.11141781,0.15213458,0.22381268,0.1421944
609,1.0,4.폭력범죄_293152_label.wav,0.097070225,0.2523343,0.15490521,0.11056767,0.13135491,0.11332949,0.14043826
610,1.0,4.폭력범죄_293369_label.wav,0.20743877,0.12033026,0.13789883,0.12609339,0.1939688,0.14548735,0.06878257
611,1.0,4.폭력범죄_294111_label.wav,0.115749754,0.18621859,0.116969585,0.10921884,0.16203216,0.123556025,0.18625507
612,1.0,4.폭력범죄_296629_label.wav,0.14032014,0.1318704,0.09342551,0.106011495,0.11408847,0.22408392,0.19020009
613,1.0,4.폭력범죄_297096_label.wav,0.17640403,0.20962153,0.08804179,0.074609526,0.11268183,0.101974174,0.23666708
614,1.0,4.폭력범죄_297307_label.wav,0.63667464,0.025842818,0.06395906,0.053275,0.079307675,0.04323023,0.09771059
615,1.0,4.폭력범죄_520745_label.wav,0.21004808,0.12048339,0.13574739,0.12225184,0.1985959,0.14630553,0.0665679
616,1.0,4.폭력범죄_520898_label.wav,0.1820322,0.091261186,0.1252279,0.12727372,0.17602226,0.15528087,0.14290184
617,1.0,4.폭력범죄_521256_label.wav,0.25175148,0.11062822,0.13208461,0.11421145,0.13316146,0.13260946,0.12555327
618,1.0,4.폭력범죄_524606_label.wav,0.17473574,0.08292048,0.13017134,0.120964706,0.14905027,0.19170666,0.15045075
619,1.0,4.폭력범죄_524699_label.wav,0.16960965,0.08077919,0.09979468,0.107372224,0.14685301,0.21821634,0.17737481
620,1.0,4.폭력범죄_524970_label.wav,0.10928677,0.18534864,0.116723806,0.1222025,0.12674636,0.16604157,0.17365037
621,1.0,4.폭력범죄_525386_label.wav,0.075758465,0.25674608,0.14875244,0.08152656,0.077416174,0.16256057,0.19723977
622,1.0,4.폭력범죄_526076_label.wav,0.13508618,0.11141386,0.12299149,0.14485706,0.15915667,0.21314946,0.11334523
623,1.0,4.폭력범죄_526413_label.wav,0.10890664,0.12324615,0.15001129,0.11233201,0.13020277,0.24396007,0.13134101
624,1.0,4.폭력범죄_526425_label.wav,0.17109108,0.091853805,0.13868758,0.1300049,0.2383513,0.13566841,0.0943429
625,1.0,4.폭력범죄_526801_label.wav,0.26304692,0.113096096,0.10426468,0.11486938,0.15189342,0.13390695,0.118922606
626,1.0,4.폭력범죄_527177_label.wav,0.249005,0.14373836,0.1184273,0.11909458,0.13617316,0.11931775,0.11424388
627,1.0,4.폭력범죄_529098_label.wav,0.18750665,0.09166948,0.095078066,0.13116352,0.15812472,0.18510124,0.15135637
628,1.0,4.폭력범죄_530094_label.wav,0.12548143,0.1827335,0.10792694,0.13160357,0.121295355,0.20554599,0.12541327
629,1.0,4.폭력범죄_532761_label.wav,0.20140143,0.105759494,0.24102153,0.0943321,0.15520464,0.10100067,0.101280116
630,1.0,4.폭력범죄_532784_label.wav,0.19297013,0.102349214,0.17179593,0.12561259,0.15061598,0.08669831,0.16995786
631,1.0,4.폭력범죄_536201_label.wav,0.15388192,0.080100864,0.1656524,0.111100346,0.14750507,0.14951082,0.19224854
632,1.0,4.폭력범죄_537365_label.wav,0.06872442,0.4160448,0.110822424,0.072801694,0.06880681,0.07683766,0.18596227
633,1.0,4.폭력범죄_537544_label.wav,0.113922976,0.10799748,0.13756827,0.12860951,0.1670236,0.23149768,0.11338053
634,1.0,4.폭력범죄_538361_label.wav,0.24786201,0.13785847,0.10809179,0.11658833,0.1768019,0.093270876,0.1195267
635,1.0,4.폭력범죄_541035_label.wav,0.12519144,0.11112471,0.12329705,0.17401096,0.25015584,0.1268919,0.089328095
636,1.0,4.폭력범죄_541145_label.wav,0.09929235,0.09673138,0.29501152,0.09068294,0.132261,0.13497037,0.15105045
637,1.0,4.폭력범죄_542397_label.wav,0.20046142,0.14820115,0.14637291,0.101736486,0.16925386,0.117102064,0.11687215
638,1.0,4.폭력범죄_560917_label.wav,0.09572581,0.41230145,0.10234689,0.075110875,0.13535208,0.088104375,0.09105854
639,1.0,4.폭력범죄_561873_label.wav,0.13158165,0.21794294,0.24021694,0.102260105,0.14565702,0.069696486,0.092644855
640,1.0,4.폭력범죄_841032_label.wav,0.19745281,0.15553142,0.13068053,0.10679275,0.14964017,0.13783589,0.12206647
641,1.0,4.폭력범죄_841201_label.wav,0.23218356,0.113575116,0.10880442,0.12921168,0.12604976,0.11856813,0.17160732
642,1.0,4.폭력범죄_841292_label.wav,0.22471105,0.11690932,0.10669802,0.09614982,0.22096343,0.13140751,0.10316088
643,1.0,4.폭력범죄_841433_label.wav,0.11401902,0.20141883,0.16797538,0.11478219,0.15382646,0.112328626,0.1356495
644,1.0,4.폭력범죄_842256_label.wav,0.22541417,0.19330683,0.2236646,0.093920834,0.09571865,0.07986106,0.08811383
645,1.0,4.폭력범죄_842273_label.wav,0.22990379,0.1667374,0.0883542,0.04376695,0.060184855,0.06321096,0.34784177
646,1.0,4.폭력범죄_842296_label.wav,0.069919154,0.14563733,0.07832682,0.06353674,0.046809062,0.059888706,0.53588223
647,1.0,4.폭력범죄_842448_label.wav,0.08548187,0.14710785,0.069924854,0.07926692,0.053841025,0.062596425,0.50178105
648,1.0,4.폭력범죄_842504_label.wav,0.20399773,0.13580143,0.079684,0.03186152,0.050701056,0.054266363,0.4436879
649,1.0,4.폭력범죄_843410_label.wav,0.16878682,0.16508645,0.14498964,0.1703073,0.1107283,0.09839288,0.1417086
650,1.0,4.폭력범죄_843867_label.wav,0.29819372,0.18528256,0.07879369,0.07715766,0.12800123,0.098991886,0.1335793
651,1.0,4.폭력범죄_844067_label.wav,0.31858507,0.16202275,0.094595544,0.08253886,0.09487749,0.11567638,0.13170391
652,1.0,4.폭력범죄_844885_label.wav,0.12498514,0.12997149,0.22195284,0.10470029,0.13386115,0.09402325,0.1905059
653,1.0,4.폭력범죄_845353_label.wav,0.24107066,0.09656417,0.13130815,0.1340372,0.14863974,0.12901306,0.11936702
654,1.0,4.폭력범죄_860868_label.wav,0.09086017,0.32982868,0.0503916,0.049199782,0.042617604,0.37489852,0.06220359
655,1.0,4.폭력범죄_860888_label.wav,0.14136542,0.42368525,0.04648371,0.054564204,0.022954404,0.28065276,0.030294236
656,1.0,4.폭력범죄_865527_label.wav,0.087404184,0.16870445,0.07611325,0.07253791,0.10759443,0.40823218,0.079413645
657,1.0,4.폭력범죄_866900_label.wav,0.10050583,0.105250515,0.08803327,0.08702237,0.20098718,0.32787853,0.090322316
658,1.0,4.폭력범죄_926046_label.wav,0.078460775,0.18417433,0.1338192,0.22990346,0.13078022,0.12676665,0.11609536
659,1.0,4.폭력범죄_928639_label.wav,0.22814773,0.17502598,0.101038136,0.07778331,0.10303803,0.09824212,0.21672471
660,1.0,4.폭력범죄_929264_label.wav,0.38888806,0.07500645,0.08568776,0.11086351,0.098491654,0.13618186,0.10488068
661,1.0,4.폭력범죄_930334_label.wav,0.21464486,0.09533945,0.120866366,0.15101184,0.12748413,0.094464146,0.19618917
662,1.0,4.폭력범죄_930365_label.wav,0.28357083,0.09660186,0.111736715,0.10339775,0.111722805,0.10210432,0.19086574
663,1.0,4.폭력범죄_930733_label.wav,0.3622332,0.1037974,0.09564461,0.10581108,0.103724726,0.13313295,0.095656045
664,1.0,4.폭력범죄_930822_label.wav,0.5122755,0.09158779,0.06924887,0.065985836,0.06585038,0.096851945,0.09819971
665,1.0,4.폭력범죄_931111_label.wav,0.3037235,0.17123389,0.11001394,0.105727114,0.10638948,0.10958715,0.09332492
666,1.0,4.폭력범죄_931959_label.wav,0.39397752,0.110068366,0.088978134,0.10149193,0.09015179,0.117024556,0.098307714
667,1.0,4.폭력범죄_932352_label.wav,0.1827142,0.10562831,0.13622591,0.15847644,0.14118272,0.1471935,0.1285789
668,1.0,4.폭력범죄_932561_label.wav,0.4489235,0.14098099,0.07970358,0.07592962,0.08121557,0.085463405,0.08778329
669,1.0,4.폭력범죄_932953_label.wav,0.20502052,0.1461829,0.114857785,0.10964132,0.1152386,0.099526934,0.20953195
670,1.0,4.폭력범죄_996994_label.wav,0.15214954,0.10449567,0.1254131,0.10538079,0.14736313,0.11605368,0.24914412
671,1.0,4.폭력범죄_998436_label.wav,0.24037986,0.16066234,0.1681375,0.15266196,0.08628891,0.08820824,0.103661224
672,1.0,4.폭력범죄_998945_label.wav,0.11335928,0.21273953,0.11330258,0.15793641,0.17387804,0.11519028,0.11359386
673,1.0,4.폭력범죄_998976_label.wav,0.22578155,0.09895294,0.14876553,0.11282796,0.13305387,0.1430336,0.1375845
674,1.0,4.폭력범죄_999601_label.wav,0.13794723,0.19170186,0.12705159,0.10932848,0.114890665,0.1074522,0.21162789
675,1.0,4.폭력범죄_999687_label.wav,0.21782821,0.100223325,0.0864344,0.25024244,0.12342197,0.104358315,0.11749132
676,1.0,4.폭력범죄_999972_label.wav,0.1717764,0.26955056,0.07777092,0.07289393,0.08322661,0.08366616,0.24111538
